N,P,K,temperature,humidity,ph,rainfall,label
101.8283024785266,43.86551233788183,41.0127236463968,26.554615192747768,83.04199089472978,6.5568690017081295,249.2773872522146,rice
93.76009536255702,48.897684893358196,44.22244558394115,23.619524735575474,84.00177904647524,6.451416620943629,229.6043000275983,rice
104.50270717483875,43.93120808681572,40.27175472070524,25.77744521232837,85.59234761231441,6.0881169475109225,262.9400499049423,rice
105.64338829834729,47.21254670540126,41.93181637983057,24.704327299189394,82.49596001082735,5.911936722390799,228.70342434413544,rice
88.29378886807699,42.19914695997037,33.84948369690693,24.944808088754037,84.82897650211689,5.582981011485629,228.54092490415977,rice
92.18692295882609,44.38368732639711,39.85384479420965,24.052391340366444,82.82211108061578,6.127713510715157,249.74036899448157,rice
100.76704241900372,42.14993383526826,37.47030918912139,24.69898944487971,83.20026747331326,6.794593377755666,253.73267668206486,rice
98.1025444459385,43.982900772298315,36.34356081872912,26.170040135229062,85.61527355716139,6.347848961079321,248.06578855085166,rice
99.89919305497426,47.52092441237219,37.36554289921375,25.524389717788935,78.41769605381191,6.124096235638865,209.65924828707344,rice
94.88173643455852,39.818038730422955,38.997629677897564,26.55908044486895,80.19399556340936,6.354643047137569,249.6846199187085,rice
105.27638784917697,46.303270930637574,42.74770762706804,26.059670700079923,79.7204272365208,5.898784370576251,221.3824550698608,rice
104.66675161257369,45.71320680699684,36.02082184678131,25.39517801103662,77.54927889438682,6.183102243393032,244.23497000858873,rice
100.39618418536729,43.217550132909615,40.09189447778325,26.56954107355101,81.7704256776043,6.272382431428541,214.37278016281692,rice
106.7634472418082,40.66182643683464,38.54749169999926,25.39509384286447,85.41105644430574,6.230627353340264,248.03379865577514,rice
102.80505605351227,45.21638852314161,39.01698071691412,25.745189359117354,82.77354563072443,6.427931377380268,225.4812197224673,rice
94.84424522270056,43.41152187280859,43.00827347591381,24.733086141818763,84.00436470895173,6.327545175903111,216.9125762953106,rice
102.21250470449499,45.69802863406411,41.61434631101178,25.059891234273284,86.27750461661252,6.400373354074299,252.8487624566832,rice
94.246704395026,45.065556436570326,44.012194322328234,24.37231855902975,86.88559963728261,6.095116236498079,244.34960139018153,rice
105.27070180784364,49.80533667396275,39.5364829622503,25.890625541135368,83.32369826644835,6.452008466892373,228.94841757492784,rice
99.70044453408248,44.28193311758093,37.91217216498789,23.93952673919662,86.95164401840196,6.616510813215398,266.1212192823792,rice
98.89082581872843,41.92950752213441,39.328423549358504,25.704115308175894,83.73492297900698,6.031716358078432,232.06825641174464,rice
95.91442273357634,45.53782690486895,40.727490373813666,24.828414048245357,81.36463452923998,6.050268477464224,240.57793813147683,rice
107.33524803204418,45.659990051915294,40.52972007536113,26.054122384120586,81.98427910189322,6.550551475672052,244.84044205821482,rice
99.07282310758718,49.07756272572131,36.7468357832999,25.675782089858135,79.72463189295921,6.206947602993611,228.84601318568497,rice
97.43003306702136,47.50533373774373,40.27146934488362,26.63858154188212,81.23525867297919,6.565859813214975,248.48045328119872,rice
97.88719869707062,46.07061317744853,40.68468499041671,25.65769722202478,82.58705744541021,6.150429464824259,230.39785775103496,rice
103.1938551133201,49.38990867365869,47.55242211260176,23.585163769912082,85.54914179941544,6.57738525466091,232.59051020010824,rice
102.19266438618448,41.43371083703145,45.63053383384501,24.93974214439162,87.88796306947326,6.279584308781227,264.5275675164601,rice
102.47639566957594,43.080745401750754,37.44026994832354,23.945193526664667,79.97543713578855,6.308101485247606,221.2694510547762,rice
102.5849260180473,42.22027217578343,39.13784991535247,24.53354814187035,84.50171004406279,6.602061554875728,196.56995404326918,rice
112.84988560522277,43.830570590532695,35.60967399448899,26.36010558994905,80.84661295514829,6.168601642575061,268.9968659102141,rice
97.5615099016923,40.869941557331074,38.22787895810954,25.573780429807925,84.71047757558117,6.038247528416885,285.8879031469261,rice
96.92654362557077,46.90545284044321,40.94681501077102,24.37096261427913,83.1657290407463,6.149073053193621,232.705153221912,rice
95.11736363051273,44.33333190870368,43.6175608626647,24.08765437020364,78.8311901440888,6.351775138894706,205.13691526883667,rice
103.69587653545297,40.587581116492025,37.81274848676917,25.029503883588635,85.86715732849963,5.897704208759384,234.411288428473,rice
106.77383375632535,41.95326275637738,38.03756067979661,23.905095865556984,81.95724818233774,6.3934309530965026,234.84798690286794,rice
99.31631525407074,45.94054154235059,33.55813291078404,24.395973750343078,82.13855439214744,6.128776453536008,236.58137086159937,rice
94.95906113822483,47.51437970368314,39.51200223836528,25.280808524396118,80.77213135121129,6.5082578486650515,219.95901524540673,rice
95.05311270585256,50.99019267507536,36.81275676442131,26.039780832496028,81.83157764444674,5.711291431397394,250.4321005645766,rice
103.90355672694821,53.74158739802199,38.41168171790178,25.547885325001996,84.59112062377204,6.0730227006015625,249.44113275514954,rice
104.45952502722065,46.24322829982799,37.36941766549724,22.93783944226171,83.01742693061216,5.870544665972327,213.10069884325247,rice
103.25892560983117,42.03138563990441,39.71721233724233,25.273930056127234,84.33808810582033,6.064098370068111,252.58554117050798,rice
96.00694175626784,38.60386115780607,34.726814825930106,25.06483021590932,84.42290072751855,6.305724827749512,276.94832967502606,rice
101.39296793840032,45.803134387031506,35.598864263827025,25.372501256835424,86.86768722159682,6.209674009273805,243.0952859838671,rice
100.70011485484437,42.56117671406902,46.38774133608489,26.454588713486086,82.62589531529584,6.192990046986696,233.92814708276688,rice
101.31213158037407,43.753928219460946,36.137732256177905,23.143085550875732,79.73401256704338,6.2141834039394865,237.4439421406646,rice
105.22857266768914,43.163709602820575,36.70964326463608,24.468006917328005,86.22141716225856,6.295762354139487,251.0746218054341,rice
101.34157329264809,44.577627340750844,45.51074058496394,25.53181569051402,82.654705161152,6.023079390562801,208.84791110087008,rice
104.07348137843137,48.197940692362934,48.71520150772122,23.576565040491452,86.34221073367232,6.409041169202286,242.95903265359144,rice
100.40547441693334,45.47114570233603,36.48530011352398,26.32835414324816,84.4776116386153,6.399099843336733,232.97164890966943,rice
101.7347163921399,44.52409548888394,38.89525312963591,25.331520951430594,83.16559929798147,6.336633535972623,273.2608502332088,rice
103.78772935503125,41.89303874152257,41.02466665282153,25.761925587259064,84.38937852981805,6.3752200246190345,236.86489079151076,rice
91.257065080866,39.975951165886926,45.18609293321678,24.486150704630386,88.47508202832206,6.316694050181948,270.02197700015137,rice
98.08197270185619,43.54107627278001,37.03942876471529,25.73238732096959,88.79630034908708,6.70789149311449,220.13266743992386,rice
97.17776407424323,44.838652347545036,39.26416646217367,25.961624400390136,83.67692189458859,6.2304038115131855,250.57066500245026,rice
96.16673291053995,50.303789740739646,42.332012728185234,25.209590218123452,83.90848601295855,6.180906275874721,245.7492047482421,rice
98.3491464926399,45.39082356441866,41.304298223399854,25.210960803428826,86.24441240153928,6.08045629441959,224.35714953843393,rice
108.96964786740638,47.94821853306917,38.8715317863097,25.243308915353552,81.34356436644326,6.017740899119986,243.19313006346493,rice
94.80501330584055,43.502113204382546,39.59853110645188,24.222989261734558,84.34932945017655,5.969993847789758,261.8253390629688,rice
105.80967012754888,41.44516870074892,35.87531257489005,24.867224187783684,83.43404973771767,6.050020604523043,234.17174932284118,rice
89.90278137030518,42.104649713302884,39.285478768076004,24.862729720792878,84.30046593921676,6.234096914128284,209.54467231494425,rice
97.99068982008535,42.82432180639274,39.200837529973136,25.345054477918147,81.37490954482901,6.325216403911986,239.68386912340597,rice
100.97651839063003,51.38540919730549,40.69650966887877,25.899841822219265,79.44660289206213,6.261506963174236,223.75638429373478,rice
103.51733398815567,42.53583996232684,38.33401834354295,24.04731752621943,78.2138922382222,6.077754562578314,233.83786310405011,rice
104.26735947875713,47.51546761120903,41.414615567635416,24.88749187271238,80.6506705118765,6.452541526904492,238.53142014566782,rice
104.76008341119955,42.29121846573892,43.03814745345949,26.333309992893074,82.3303780234047,6.416367851267713,209.29826011172068,rice
97.90764956650938,47.79471903862273,40.4662879830054,24.330770594068692,82.75236145404565,6.214079130830046,210.9181498922278,rice
97.22588924401259,46.15485289831759,41.05526922519761,24.259974984438713,88.43993946419526,6.10309386745044,248.67720303945944,rice
105.14785528754292,44.53008630702573,40.159466042733605,25.182075572648074,86.32028309326361,6.373396282186705,230.59106346894575,rice
98.85217405071032,44.8777124215937,40.000253179274246,25.759946671436786,81.04666765332885,6.292294057184374,193.8346018472298,rice
92.34588205997247,43.035636913711826,37.835325899371455,25.010283450004593,84.38665655374994,5.924171366631614,254.12719265894643,rice
93.20027671597911,46.338216604446245,40.949482785019924,26.19606453139329,82.46195049730667,6.234704442403509,244.9026555949363,rice
94.48328628399034,43.63504955897766,39.70814020475953,25.771114584309874,82.77487221299776,6.308958057716736,227.1502531673433,rice
102.98296446432258,41.323182708698255,46.27950492679179,25.757638060201057,83.97258040600923,6.047568673040256,216.29705620095166,rice
100.8545544164234,41.16618727704114,44.72006470742573,25.498704851191683,85.07888634828726,6.292714763388425,255.04454213365807,rice
104.1429121244066,45.517763753166356,41.1575396576695,27.094887790311475,82.63489086609576,5.922664940816998,246.28831120608774,rice
97.4364841219808,49.73727376923131,37.7108283709157,24.81535448002056,86.21282140847262,6.550641872502738,282.8868410883133,rice
100.95123814646028,45.47997484072032,36.662765584049744,23.196829937140137,80.58805752333687,6.530788746638372,247.56339477704887,rice
103.75354236380402,44.64408502167035,43.57342885926659,26.443828925365427,83.51616460902379,6.1931835997818325,246.97865654271627,rice
98.14392076167857,45.85747841880763,40.78824767544142,24.588070512138856,90.12406800281937,6.3317772260137914,236.99529725804584,rice
102.74065142534447,48.918005225120474,41.44043021017483,25.09709239990873,84.06885334369446,5.707767557695028,254.70196560961423,rice
96.0284443536001,45.658147504091566,34.76624203907742,26.178595616374473,87.15469699184574,5.989821776440301,251.25153362246678,rice
97.82167692060958,43.76721830749879,42.782315444674545,23.557966413046966,83.73337645434168,6.183899742965771,262.5310501541735,rice
97.70957263601002,48.318866130179664,41.363261014643086,23.873517507304474,84.98098159309099,6.008770070178957,230.61618746452888,rice
92.82496212646576,46.28626931538484,36.66870794675657,23.55884985659303,83.35520285429864,6.410739208591898,232.16266548700867,rice
102.92183488471349,49.60726797598797,38.585425577650156,24.285277338977117,83.06546066803128,6.699391719418299,231.37614292358435,rice
97.18358595878365,45.549703311665716,40.79115161306956,25.395672945415296,81.51231988835018,5.985261688128407,254.2344309812218,rice
100.07496471236612,41.3265929048385,40.157400395068734,25.471769058531493,84.59726846534176,6.061570734080831,266.97073992534115,rice
102.88447995343546,40.895522402263005,39.12348644258933,25.248646761395698,81.32858016757629,6.302975882869735,231.7408711233126,rice
102.67918705617967,49.95278379669375,39.689535195802115,23.72851070449687,85.19724235259925,6.612501133412414,232.35407289972434,rice
103.99231065383671,50.17099716234989,39.24406786537934,22.92090690703062,86.26748186133707,5.974965779678522,245.65339002965638,rice
99.40908709294345,44.4614423601522,40.457687536307404,25.048918226851345,84.43465508845493,6.306033127519062,235.5762929997678,rice
97.46021012773508,43.85043803659204,44.41447591897947,24.575401569725496,82.77006572943299,6.65979224143295,257.136965756518,rice
99.5216907345616,49.3843328767266,32.30002467720611,25.41344719454495,84.65761222723718,5.878354191659665,199.46800876885715,rice
89.87599339625181,41.67886295386953,39.28944920647095,25.631758263599142,82.71288370835664,5.961759428459688,225.1193091554959,rice
91.31732516546148,42.31581894313252,40.529537264117344,25.124417288852815,85.88564516993613,6.154688513546311,225.91650598869398,rice
92.06380232587358,46.929980384067136,40.8879819690613,25.68411977683827,78.82991448525144,6.132867607107532,198.23359177704938,rice
94.01651903439111,43.81618463142123,38.88425625603613,25.206290236703563,82.64420121129746,6.43283528974457,222.65450800136153,rice
102.39864536034062,44.984634399839784,34.72983465256425,25.47705823504132,78.4234294124338,6.304373436959689,223.52718991477332,rice
94.56712566783963,44.50967130442646,40.98398645114233,24.365794063417106,79.68759488292062,5.8506335365805215,236.38011621866104,rice
90.00834651247119,52.46486401609255,46.169075115960005,23.928860824768883,68.39029794921355,6.222266362008748,90.4813346413971,maize
83.89722706964184,51.74890351792582,45.3076595511788,23.124855676351608,66.84229753133788,6.3978992325532005,71.24038060510372,maize
80.36133825877981,56.03381471425107,44.5576725302455,23.50263232099697,66.79504114122464,6.588247608989663,95.52843394521358,maize
84.74370456453912,56.13784010309549,49.76482832144779,24.76069245328049,66.55898172003951,6.47849669161167,96.78469562940315,maize
89.72128129648607,58.861993334815196,43.13337766411585,24.003591949439947,61.70798697635887,6.3633816397148255,87.74007670766778,maize
80.60818532748293,58.29993895102625,51.180894511572234,24.408251972242006,67.10216947057876,6.358415383037853,67.67362341013913,maize
80.90241302235349,54.60331403040648,44.3237056523157,24.804095090642626,60.93255808662034,6.350409216473331,81.03223236597849,maize
87.513470316734,51.26738236341739,41.16895066508931,23.55019024452287,62.61620163462484,6.315302977981622,101.09611740692426,maize
84.0030874792114,54.042680208967305,45.20975874298448,24.907497796355766,68.91069520342427,6.979142904227973,64.99805147344284,maize
87.91368110819263,55.65169358443158,41.771264399043694,24.454611124150073,67.5206604880826,6.562477324948967,86.87228929025832,maize
84.93858943692116,54.39375026383179,42.7447324565595,22.518224295706226,69.46219486905758,6.686219401424995,79.37999299379467,maize
88.15748641640305,53.266317675767034,46.191099900046474,25.730765749423494,64.18497684893812,6.397293731695026,97.24113271426353,maize
80.34214848681711,55.758654444909695,46.66674626595037,23.3991063074917,61.543253476169696,6.460949097790929,83.92397443070885,maize
84.9456190714528,53.488126775768166,43.13349689923722,22.01388558817778,64.27868840878897,6.350153663912225,93.6355861866205,maize
84.0518949353658,53.11580174882388,47.9622154351392,22.74594754849644,65.30609389172172,5.943141249666968,95.08914377252184,maize
79.52849084153141,55.93435850291032,48.4725232740634,22.774745807186015,65.23696614902003,6.210618051861948,106.52603255757018,maize
77.9643492345909,53.79402225961238,49.30890526968987,24.06260798238904,68.4010414362701,6.119770077204117,88.17352250692167,maize
88.08587065873598,55.73231316693506,46.58824022137717,23.671379393344516,63.91618872498967,6.027545406630162,93.3843993266035,maize
83.4207142800191,55.81961206855637,49.0902861362571,23.59580163883129,66.05610341540877,6.248974615397398,76.63450068785308,maize
80.39973873258701,51.58171299672527,39.35760471607783,24.743642358578974,62.03411855169618,6.778240692670143,100.7137220696437,maize
84.56719478384501,53.556276628403765,44.046280354114614,24.407850433431246,66.35095183413144,6.4906684047820855,83.15542036735772,maize
90.07608485807187,59.31333081974939,42.39898423102972,24.379257444773142,65.00932565055692,6.7710183900874465,84.95321252321028,maize
74.73667969582635,51.51376146179714,45.35767758338218,24.49179414879443,62.750559985146445,6.586306341149184,89.79976984635711,maize
78.26512589543503,48.65003665308841,43.28565234240979,24.739361601602685,64.29251191347544,6.6643373534001835,75.93404089194135,maize
80.8470110114713,49.41446454027246,44.5015264741508,21.47045598986707,64.44747276045433,6.31081163098604,92.05893026036044,maize
91.57530490024148,55.08732983973001,50.64652464061215,23.562674097282645,64.1895346119887,6.610029700380461,98.7071964563251,maize
86.27164142313683,55.092751834098095,44.490840610738864,21.38374792261263,70.31402372680306,6.653029989155613,92.63640441147562,maize
88.45292758207552,54.64716743372464,46.24137695157064,24.043271912157355,64.70466199307636,6.378904068630924,75.69992192239147,maize
79.86927586393196,58.642569486785504,44.30319201022729,23.994440433330787,64.26831166946799,6.617503477829395,88.88571635103307,maize
79.96208856128263,46.98149670069119,45.2271398638705,25.254638729747615,58.70764712716957,6.618899429300715,96.67826012681542,maize
87.0151617252522,56.18780162329247,45.018050041308214,25.425161271265345,62.31737794406157,6.3845939495626824,73.09810110630683,maize
85.2622344892095,59.68431460541072,46.34497219791948,24.243330057902842,64.21077972663095,6.264218629223091,80.32710587564057,maize
87.46932468488858,51.616657705324855,48.49592260664153,23.39956670712372,62.942441971470075,6.251333050301363,97.88889243673368,maize
84.15548054082197,53.86058046463032,49.942181992809985,24.582193335054885,69.14512278013339,6.518166163803507,92.43085890777557,maize
86.25164676904582,52.741324248314136,45.9288602457275,23.366498835210823,64.50518667381134,6.568672072445756,93.70774423914078,maize
85.711535882073,52.31696186176741,46.768640658106804,23.998328818267982,68.86533274795475,6.333569575603838,106.7354532686098,maize
88.49995325088216,54.02121398493088,41.5474064724433,25.18336358035292,65.1851139021511,6.505582921678481,94.21697500655583,maize
88.63153726875012,59.28245585105351,44.736369772753136,23.330674384812692,65.11168350926474,6.619812777589082,95.92099209389862,maize
77.71057602523703,60.51216002646256,47.820868394650766,24.966814367091,64.7336106568625,6.629820050079713,114.39670974496494,maize
74.88729150096616,53.99218232487956,47.59790591525146,24.812881642430764,65.01138875486437,6.825894825225722,88.07575897718559,maize
89.50785428943178,60.71518064219341,45.63482919838515,22.854249819443016,70.15638500914957,6.768165974761589,82.81905512743354,maize
90.34476291967871,55.10672943095388,47.659181878703855,25.16867295386088,58.04116781974635,6.289728799121126,93.8501675842242,maize
80.40719641218998,60.261073080103245,46.47230012698146,24.838279614445806,58.99536276668396,6.853553104002985,93.95091926450006,maize
76.63074067054467,54.72010405103953,48.600918774777966,24.12231106484719,63.37048750683166,6.3884949340433,85.25956147248412,maize
85.4456566945324,55.393173478138436,45.868077470871334,23.085211850366818,65.0435836458127,6.719423290615429,80.70842682400637,maize
89.18877201857738,56.096423417928506,43.932905053286895,22.968952777709315,67.07031327429203,6.514277191470729,110.78859979881071,maize
93.08917535095442,64.5365610381026,46.00752377079907,23.354804907716375,66.41926159408243,6.413448630524036,92.9415912334922,maize
87.32333907445653,57.55385672453437,36.208216872441675,24.65111335595035,63.84726226135829,6.120383659447264,83.40943156738132,maize
83.32727486536437,52.87820641014561,46.14865720915515,22.853249799118323,68.05713107972528,6.463971452854567,98.24337272051639,maize
80.98091220286811,57.90699361082758,35.0,24.525014698343846,68.0905862094582,6.172529520585822,89.01769363594799,maize
85.05153081251794,53.914502388746975,39.829609777783745,22.509893365345928,65.55217349381469,6.703132839526982,87.72406698313952,maize
83.65330883251634,53.53074945129637,46.355305802822954,23.75511769867338,67.88797271746053,6.818526457999242,95.06045584723044,maize
80.43219442422033,57.72580407967634,46.432588011800384,24.13157730548881,65.81793579029639,6.332648692247695,78.37305958591479,maize
94.2194004288848,55.093256763313455,41.51271365958021,26.9341561740707,63.31555091965135,6.563413855929047,93.17364483525455,maize
93.0332578093246,55.835727743535415,42.863693874363186,22.34722121337556,67.09345051700001,6.347667780378325,107.21659326958577,maize
90.11221907599943,55.04195566559588,49.11162296584239,25.76641747978816,65.33183936773604,6.368018206671274,94.1955989597758,maize
80.85617320985892,56.009749379816306,43.54790960528197,24.179810896784737,65.00401954026346,6.662643887811728,86.61409106594881,maize
88.84758695933776,56.27489769230845,51.72876093720895,24.493406301619157,69.41886071656873,6.491906965012883,85.43605247614582,maize
87.87831884274055,49.18909920188376,44.99424044047096,24.142017496065847,57.64738361437974,6.865326088805513,86.30694023989402,maize
86.99145530891823,56.9997180058286,46.224108530643804,24.53367218183428,60.74694748952129,6.398731179472387,87.71433589756997,maize
90.623493701697,52.053941740509096,49.85062319549582,23.81557787476558,61.43878872087689,6.709860629819643,86.59974120517555,maize
87.85917014287575,50.673102593321765,45.39308134858026,25.74486021774895,63.910218057293584,6.5204568167211345,98.2468029696711,maize
88.3300640633695,54.82476626842395,41.9929680579276,23.452234626930334,64.23617549070191,6.667113382046289,74.40111807111916,maize
87.86607827517494,55.25194300994336,44.67081764491713,25.358681486615097,60.478023056680854,6.406096891960711,97.7580004537092,maize
86.53356133600947,52.919481506283155,44.893167791429725,23.22675945574437,62.04452590306752,6.489592644114167,86.58282127371695,maize
76.97374991628618,57.49309557300392,40.9057750433953,23.927697784318454,62.41747496442929,6.475745235347223,93.39253007125835,maize
85.37629484834751,50.97347450088728,44.23250378597753,22.713644937251736,72.37227227622768,6.3244280058823845,79.85710880819222,maize
82.49713618517893,53.77916875368232,42.77342371800769,24.546028464417024,70.40522584324144,6.6390371222621685,101.95767960164493,maize
79.24071569061991,53.245377595201,47.7730732715623,25.73415114831184,63.764751746946054,6.636552291171457,101.21071464154686,maize
92.5681747868537,54.86023818898198,45.10383562255576,23.907172584214976,63.9092501290796,6.624646485930169,98.63631473175066,maize
92.78047903398567,55.83659285394172,44.15161275255729,23.76373716155531,61.552388008435116,6.822762787322706,76.36720701785815,maize
91.11649270133026,51.97632115112937,44.68145420813227,22.66245964431849,59.2756087603242,6.804362408259624,97.46208963959448,maize
86.14846037585144,57.172848032368684,45.6693660552185,23.72484881573723,64.64935944077443,6.421261615131682,93.64369578872137,maize
91.07781304428696,55.1890071050041,46.85044259906934,22.088646888334168,62.00644405026792,6.5783409868711775,75.55255877580689,maize
85.05423931270822,49.32416124006427,42.00086331399186,22.904546415937407,64.74544840501397,6.369043855255775,89.78132354606267,maize
85.91258774604,49.124225678808905,41.87523710213618,24.272143255330963,60.19938245286957,6.5049046163840565,93.28081040129936,maize
80.07937883292108,54.96304212121207,48.31403764620759,25.582815837289676,62.714076625069225,6.374052615685039,95.00467746440836,maize
86.78646087024478,54.33709804664094,43.76298938338581,27.371053033475402,65.4458812859085,6.840214764918571,91.5953523025397,maize
85.27173667790987,54.6897396592761,40.74947372220938,23.29609789791492,66.0986287933518,6.576376611572022,92.62108275162642,maize
79.13806547424491,54.91605263040935,46.331438128149316,25.722360187974527,66.25241587622604,6.454213883098071,103.26250253027786,maize
84.76961299682532,55.67667951853054,46.39010941809806,24.292502976481977,61.03853304752889,6.750659900089839,101.03430518919612,maize
84.64121696264436,57.8429488295449,40.40785422822988,23.81850282390435,67.56405719040669,6.044170763942963,64.19650541595531,maize
93.08902524990089,51.66668529724733,45.68844514639082,24.519113342071382,62.599364910194446,6.077038455078289,87.14305300646086,maize
89.02395997831034,51.48408522129762,47.20674927728512,24.074299780415952,66.89857374382191,6.667126117596153,88.51814075210444,maize
85.0515044759116,51.720028426337855,46.12315935511879,24.13247487073466,64.96808397014541,6.512698374104647,74.23111284545726,maize
86.11954289410487,55.86675000150612,46.89594445128419,23.510000204607998,60.87083750276616,6.55259372305476,90.8476475240908,maize
85.19895570146889,58.73484213593934,40.787192705727755,22.322268408241378,64.05140688625643,6.221456818303104,101.23881995169455,maize
84.08688706842004,53.70598168528147,45.993120464988586,22.147649756973504,66.0960912261913,6.495120920721423,80.22088926368468,maize
80.1290776117527,47.494900467521035,44.09214072158866,24.78389385993747,66.8388961414238,6.920736976184282,93.02760844820885,maize
84.32026655076882,49.888021412168875,43.551629523826065,23.667959891897144,64.57703630766675,6.673081920157132,81.75758870433206,maize
81.64255784506369,52.500889831611964,47.61166682825918,23.2846933204126,69.59533667180315,6.535638374479991,83.95279178688291,maize
79.37358007484585,53.32681333751436,49.43782353202269,24.010206752067784,68.02253231295968,6.407798678877963,103.29654270753032,maize
87.3004981654639,53.77483411823582,50.38311016380108,24.953918703498754,64.23003765080074,6.417139701107427,85.11697961899358,maize
86.76069096969955,55.11574336894275,48.94442361451772,24.216436731631678,67.25036543641083,6.052868443267996,94.15991240109562,maize
76.95981619884365,54.06476100753266,44.67079745510945,23.212734076030838,70.80138045556455,6.554104488393444,73.15903695545111,maize
84.44791913127193,58.148018831630225,46.05816048907903,25.47155154677874,70.88145380234909,6.67755145278119,106.76085805255393,maize
89.48065623654965,52.97194808295589,47.300468615352735,25.89502260357796,61.31600035753251,6.169119941294171,95.4238720167585,maize
89.76650682503345,52.41304612157337,45.36353384789839,24.593467986387424,62.22040066652855,6.361102452615569,88.35750141614764,maize
89.61626579298357,56.43662661556139,45.392292563734635,25.16839621361291,69.45475636020156,6.256932427230981,95.17991858999905,maize
85.17510943105657,50.39307379022164,47.47125939562854,25.490351996176575,61.82515684748709,6.297276249090159,77.31162513946971,maize
51.934490281572465,65.37639406657122,82.29399425173906,20.646456371793196,54.88088115295906,6.741858380900113,81.61036765109868,chickpea
46.28505709188839,65.15773721919308,86.74758682694846,21.407918391540786,56.327363814909134,7.0589043850912745,80.00591716659673,chickpea
46.73473931856837,72.46930023328065,87.24202428501764,22.16970336800865,54.08671971143,6.967572704032268,88.2550736758758,chickpea
45.65629144387943,68.73858729606222,77.16838631495786,19.209554350150857,53.77105321489599,6.824644918007794,86.88890811471254,chickpea
45.32255723970406,66.70599824045853,81.32866709379049,22.284191340145632,55.277062114763375,6.970725478600646,74.46406339292254,chickpea
50.105014793606536,69.37019790401146,87.59295410950223,24.283488954729002,49.23725222231445,6.6236221685045855,93.42008690922803,chickpea
48.459650687890836,59.59802869751367,84.40529664449649,21.45587404195769,56.43110538167937,6.856312169641771,84.29354068486874,chickpea
49.9440555302614,67.3382490388466,83.23223636804914,22.31176942816661,54.998310708631124,6.878727854444861,76.6680167858821,chickpea
47.46701991442911,74.99067816676786,81.68368239962004,23.229906031750478,55.11908057979269,6.758381880842748,93.91588085765406,chickpea
49.424499291539426,67.99629939901003,81.06074652859596,21.803255799967605,57.88220292278339,6.934914375511696,89.69256678697116,chickpea
45.929317210281106,67.75467438438501,83.58082148658872,21.30284777376222,49.141553409855256,6.697815476344331,75.51593506039065,chickpea
55.861494405285804,69.55548142365824,81.55359703130819,19.269116315533896,49.07849839042311,6.949415038016342,98.32887130193294,chickpea
41.62026093838563,70.85851966242879,82.34033017108334,22.769188863273968,55.82141153597056,6.957612460448601,89.94098026274645,chickpea
52.22851496336119,60.00949990166303,82.7947451479314,21.864197908325323,54.978649434614454,6.281153823264072,84.92352913281215,chickpea
52.62965294020364,61.19127569328365,79.95723176814938,20.784779378334207,55.5105308295758,7.082109612184473,96.92664104216334,chickpea
44.30440447762902,68.28859234157305,84.4954851520554,22.15191605233323,53.61361877448266,6.255711649756213,86.1947333787223,chickpea
55.8597760395849,64.81921289288434,93.42841743155782,21.29958357183258,56.99306102271979,6.729870440016556,84.78937693671976,chickpea
51.233088561044944,72.42009473332467,75.83630010252722,21.365888642661368,57.79791652897336,7.0499428666802615,80.04774912983508,chickpea
51.14177127558592,66.31809603793042,83.71504696571242,22.72754938733045,56.45194688185458,6.788129088575774,89.36387829480309,chickpea
47.605083201347036,60.24550974107581,79.6492871676791,20.393941106411386,54.21751462478625,6.564093733418439,88.57452225492985,chickpea
46.685401906679964,62.74494781183501,84.66525966569719,23.25677834328851,48.67693183715679,6.636721272965249,85.11010104917284,chickpea
46.714716898601466,57.188714926385344,82.67459052497948,20.322776604257914,57.307708624111385,7.05024662053252,79.07510234599297,chickpea
48.96448973619819,66.62202923518907,85.35695540265924,21.204758309973684,58.66518599865278,6.4753066165430155,85.97447390624555,chickpea
52.75444853137711,66.79355952275856,86.90814966190793,24.30753543287989,56.93367523595194,7.070153264687593,84.47650910678396,chickpea
48.17992831698032,65.90826483831788,83.22157919163068,23.35282571397091,52.36107271789748,6.839255090686753,74.9989426094935,chickpea
44.08208641323516,71.54579639636152,86.74519608155317,22.117124790994527,57.02138318100327,6.617482910563725,73.96140736506861,chickpea
50.59160148394368,71.9944493869376,73.70888289829246,20.87136374139854,57.581589123884335,6.736292560900975,89.23865034107327,chickpea
50.95431529898047,66.86104341241459,88.46419611718508,21.36487323196013,59.67644874339726,6.651641253485179,65.48583763711234,chickpea
49.9549732316792,59.49489874696179,83.90648306959628,22.087930377502836,52.37167022731613,7.018913914167412,86.54057895220944,chickpea
50.29562089946869,69.81480592684596,86.54191258404443,22.045027878807517,54.320636246367584,6.992823422903753,81.41437706684631,chickpea
46.48401951190822,69.58260085690716,77.92546595684429,21.890954884448846,57.241816153430364,6.51476357889417,94.81184955159932,chickpea
44.016290623260325,68.66021838808854,79.38461294397999,21.96300098309898,55.172230214314474,6.77129953688873,81.29898843134593,chickpea
44.24427463509708,71.18054905990543,83.04726860304291,21.74274986835386,51.64801719384617,6.681678795842866,89.94613160688922,chickpea
41.36701281828303,63.1318946382711,82.43610791498452,20.269625517231983,56.24384885508011,7.102234443849577,82.02314619071656,chickpea
48.38855729329731,75.03283269819427,83.56150720503746,21.380187109407,56.7359849014455,6.586730671965348,85.85311115114608,chickpea
47.187067062900276,63.902145925717996,86.56693185348738,23.097548864784216,55.263888688993006,7.162824675413577,90.52627398190039,chickpea
45.85004610801359,70.30958597700321,75.88042381761431,20.35799884293866,55.658754781539834,6.843507525794196,81.53083212756565,chickpea
36.41642940870599,61.172446145949934,86.15182151893991,21.772533386152865,54.22388229494281,6.623422790755883,92.47416163373803,chickpea
42.82255948864687,64.01150742273731,82.53105716234222,21.01629528547499,59.43483680714818,6.717931534118191,77.54726592170138,chickpea
51.703152442761876,73.18638242522002,81.73581802078294,22.133620515277734,52.29792344886197,6.6936843260501515,87.20944631918785,chickpea
45.00765249976326,66.52162566374682,76.98331787105666,21.533640182719818,53.238037711708664,6.601449411606976,91.91979792090889,chickpea
48.852218791213154,70.64970976924799,84.38643250641324,23.772872397969603,55.032956540582575,6.868491237647423,89.95028118842751,chickpea
42.28492963759279,68.38858270769717,73.4470955586336,22.607899785028305,57.63686208310268,6.6105564676150905,99.37333657551558,chickpea
52.89514555884712,67.10640691499935,84.93147754214517,20.425836201067348,50.50788048971639,6.424828589296053,79.27420512017005,chickpea
46.959896274794964,72.61443871849758,76.90460311697628,22.80547361393644,51.06910975070368,6.775963088184606,74.65638061488559,chickpea
48.58765148681326,66.61252940755537,82.70046717231553,21.070417772485523,48.88681447679585,6.498443041698512,77.54248668628661,chickpea
56.22167421955632,60.82223209663699,82.0531168600203,21.30760435434696,55.09808567575981,6.703328630726833,89.95331924911328,chickpea
53.18665037721026,64.48784965518111,86.88576805235206,22.376582824128548,51.645082548380365,6.672724936722346,88.73442200702034,chickpea
46.35037892017353,69.56696898263135,81.83004311619791,21.409903096323838,53.84634966994625,6.680112865954966,85.76692494735562,chickpea
45.275424306736156,68.9831591488594,79.89698039570375,23.071426979587546,56.98413456967513,7.24018780481008,76.57782213169652,chickpea
46.27920620680175,61.623531561617106,80.60023989010799,21.070587926183926,53.07537183765146,6.861000255598066,90.75150469996795,chickpea
49.41211843178701,64.78371555221925,87.27331038282999,21.257264136890363,55.693846068230094,6.897847346754089,75.81471416762095,chickpea
47.10540949655923,65.31854494049158,84.51111363442836,21.21235492774227,54.10198627674483,6.503602332213252,93.69212186782674,chickpea
46.01783445623698,66.12948902207165,81.05388756928815,21.321233501973953,57.01634294528931,6.7224771889407995,106.43078817354899,chickpea
53.00192969015891,62.34032404274418,81.61332592513307,23.319029866657374,56.42538420204403,6.891984012838594,87.74838359928663,chickpea
47.07171290583311,65.14360834455195,76.62308591030457,22.754555552332363,52.92419891147617,6.6502168619819635,89.37331101743307,chickpea
56.123459098889946,64.76771068027678,83.95677825319328,24.051932744814486,54.49404473979864,7.027072254486007,81.3035517332833,chickpea
47.84028461407065,70.39324972410719,75.900691096142,24.721173044679105,58.131230193161485,6.615474165749299,71.42340009184888,chickpea
54.19494397834273,70.53420491621341,85.31923674688296,20.763139561681193,56.18013061076229,6.794158603506291,80.47960477727334,chickpea
48.83994783516485,66.95321078216693,82.98233097184225,22.084502952792747,50.809113826746604,6.735719930204766,76.80328569175938,chickpea
51.11110214968543,66.02985076548475,91.4510692484022,20.58855962002788,56.96685418351415,6.882042528579473,74.14746567688738,chickpea
44.78270855680854,68.02471617014668,78.37449167353385,21.06687288670208,51.74616813269129,6.725104435988191,97.91769956496736,chickpea
44.2984029152972,64.43784334704159,82.11501715859762,21.2439009876932,59.23753920988302,6.7971757427211665,87.04646888519329,chickpea
49.223897331306205,63.199379691872096,89.24357887846149,20.73141415103407,58.07229651952307,6.803954632103292,87.84765685460488,chickpea
51.20707465924493,63.97417046652856,86.9677111510928,20.737735272521903,55.8696564277552,6.706794387308696,82.68233226102812,chickpea
47.65096188250173,65.11945063510704,79.88920480657538,21.826858745775695,55.47169853030858,6.944593304356936,83.70346688167423,chickpea
42.67602499343614,63.136973250778986,83.33987785640043,20.539937897936312,54.37290323191774,6.896485733093297,92.234130116795,chickpea
42.399031126415025,68.10772334648578,82.50749758655658,23.01055235096516,57.035571854200086,6.832720280675632,84.75747160978588,chickpea
42.14823849180159,70.23643377668891,83.5573345027281,20.898695755098984,53.88766549161382,6.766060624974918,88.98020453518549,chickpea
40.87141707647732,61.548381372006595,79.87994836505689,25.37148276411567,55.706709611919685,7.005326085951399,83.52996776616239,chickpea
47.91057009792658,67.59423266706013,82.16504848987225,21.458338658842727,57.615803099558356,6.804012322456234,82.43385331950965,chickpea
51.718914706405094,66.67524076775125,76.50730359271232,22.08642117030046,53.31458036942323,6.790194028873942,74.44814375798603,chickpea
47.44969079903197,68.78065757076301,83.00671294450531,20.445590578640758,53.15142178002792,6.870414555828185,70.16688203224653,chickpea
39.023444659983056,67.45147961961155,84.18757752533187,24.047310109753166,51.41690355782662,7.180834403179316,83.03828574200199,chickpea
46.78464827374544,62.04900270025639,81.64717720258544,23.3434008169635,51.80658176162148,6.588630539435865,85.42372518994925,chickpea
46.889503762627726,62.76604012928563,76.44355916030705,22.356299044883336,49.514814065675495,7.000122094145794,75.35402472468407,chickpea
55.3599953133454,67.61033840844365,86.20699448569299,20.383836941464523,57.18948636704659,6.4808316235585695,84.74143851224025,chickpea
42.035732826551666,71.35792844904566,83.86696889247301,22.252800253269545,60.42674362624831,6.892368265854581,85.40314422242876,chickpea
46.03495899025302,59.19679735858874,79.77744338362133,20.654282744779294,59.275986830410915,7.157141151383702,68.82993995455466,chickpea
53.896947552042114,68.79647467425592,81.44774832435726,23.75482631616803,50.12174653412045,6.945290362271124,78.13656505390374,chickpea
49.187418780049555,71.96108251982866,76.87248973956811,22.971033678223808,57.1745640146686,6.883271890315259,88.05447920301602,chickpea
49.61242402568659,66.9261529642267,78.65471202083286,22.114526846185285,59.26631904977067,6.7407123535834,87.90294047046808,chickpea
47.92969163883954,69.56325936009915,80.48320745116072,19.076349204103213,53.62957005778401,6.856054204095268,76.3474381270018,chickpea
48.73728826996474,64.86349094663325,87.10657804605057,20.819900825609164,55.30434229195015,6.800847750996345,86.18836037874802,chickpea
50.41603573854451,67.05237675271171,80.10186228417197,22.825313357919846,48.97632084758599,6.696734561453385,92.66805419020353,chickpea
44.46442630415213,61.42157430634443,84.90080122248284,23.455460430067788,55.80020850392992,6.7934742549824,90.82804719243174,chickpea
50.79271967090575,58.708712593429226,80.48131423926908,23.33100377379056,51.80932081169585,6.8886843263221555,84.28535659739549,chickpea
42.35123868667923,71.03537175459478,83.42980335319453,20.089584397310254,55.59890505373454,6.700392671636525,81.4901776500678,chickpea
48.73137989811827,63.806269021033344,81.96976686696074,22.361862768175484,50.31639123343336,6.692775044966487,80.27991636749121,chickpea
48.17027861232373,65.79177058123713,85.7739622503478,23.218618259779515,56.62857467343279,6.584752529669526,88.50864837182243,chickpea
45.1889009192796,62.300841550236775,80.49445748168041,20.009997321301306,58.07353802628007,6.926191380087334,86.46327979857166,chickpea
47.41493021752883,62.212613613435465,76.60301906249084,21.990514581552116,52.6504604148545,6.956338036083577,89.72053004576651,chickpea
45.16547442750418,66.84810862464519,77.31769113238637,22.328610877970146,51.5892322557687,6.8951737866261205,85.98905359840865,chickpea
43.481120024268456,64.76408552199132,80.50545939771466,21.639082498183917,48.53193087235006,7.03820824608209,91.14072962760581,chickpea
46.17394471894883,68.91739124248012,77.81602510995731,19.77740577351856,54.20075939777447,6.867134189230741,85.70944399718275,chickpea
43.36004261735627,69.19701907117347,84.03829505879831,21.609162267911525,53.25521819715519,6.926442132786322,90.88516537098765,chickpea
48.71049049034968,68.70318617371727,80.7533693817822,21.60723348369397,50.34694176295584,6.909248297999325,91.5311707777498,chickpea
43.187179396928634,68.39475296598167,91.40477456259912,21.822313114542695,56.35905626893651,6.832149696213449,78.9660502733139,chickpea
50.169913836216445,73.41663076849457,75.98357026823575,21.323834289489916,53.65008885440605,6.746489743514719,71.43891964846941,chickpea
43.06945349526693,63.496523366081675,83.26362442016176,21.46838541611024,51.7727921240643,7.281759760079423,96.57619642010916,chickpea
25.769976192136784,68.38139445423658,28.529333549883674,18.031627152618224,70.49330732496816,6.218432579347091,83.28616988650714,kidneybeans
19.856542313511635,69.46942241928161,27.329937750709192,19.529200415255414,69.67206671642258,6.511697547881506,69.9937012830754,kidneybeans
22.858541508343865,70.27240007083014,21.71197348297877,18.795231823925654,71.72340456107807,6.2868246482094445,83.13879470884005,kidneybeans
27.315622877109487,71.8143747476517,28.695901578830597,17.767564933073878,70.30802428597075,6.33070600290308,85.50646188930212,kidneybeans
24.160969506601322,73.24256861485262,31.108074179099713,17.5907631219761,72.28785800611807,6.476843186788747,78.92333606409458,kidneybeans
23.46381574204262,69.11695682941826,28.520334463482268,16.77012888600019,71.48244392694686,6.165376054371801,76.31056185200666,kidneybeans
29.2026455809389,68.63153141165392,35.80614355058733,18.805269836760164,73.10859122238979,6.151072978824909,80.2020918810903,kidneybeans
21.85813856084857,71.31296702060291,30.04012743814759,18.127683075386074,69.96874942654689,6.2705252369402835,58.18475100182046,kidneybeans
22.6055399267355,71.83253474923256,33.873087165552406,16.00919469553331,71.44420038403368,6.424075919943183,79.54024297477686,kidneybeans
25.6341594251448,68.69739870022335,30.784261238189906,17.93749938359213,68.17075690266837,6.100368412107977,76.7348605145813,kidneybeans
26.171364796161647,72.37118043089852,32.479221929679774,17.553914269282302,67.37605580879068,6.049794810016635,77.15826023686532,kidneybeans
26.489029103022194,72.93875602346792,30.837724661800685,20.154461471779193,73.60827262913122,6.423558139056569,82.26909446206034,kidneybeans
27.73371413370684,73.87505939697601,34.10635389571069,16.712082457512025,69.58375262607126,6.209553253114949,76.99530977943809,kidneybeans
25.59573586204455,75.33496272015947,30.1678180503972,16.986581660279242,71.17317752782843,6.241166098061957,69.80360371760469,kidneybeans
26.468151816815226,67.40075158402168,31.488362124266356,19.665468125260986,69.33409803891075,6.021478439708975,76.5455319719287,kidneybeans
24.22237222205475,70.04169462799753,31.09899880095013,19.92460131533716,67.4164077425161,6.198153102847202,77.95599951754556,kidneybeans
25.18809490971014,70.03383308985597,29.135143625618042,17.717767914338076,69.02965380997249,6.298864905505328,78.27580390317183,kidneybeans
25.322602540160904,69.70577929440248,31.214946956774032,17.836309886050643,72.87718384797283,6.4395566786434335,78.59295572917421,kidneybeans
25.645294407457108,68.05221124116959,36.70315873859305,19.14704716638098,70.49914820055444,6.184315475064804,84.51574105320023,kidneybeans
27.317619422748283,65.54331399030679,29.188809173713675,16.056545213207425,64.37902246872775,6.548606418034875,70.16926676701951,kidneybeans
26.665437045834494,70.27803833808701,31.258394678559746,16.545746631269164,68.41883996724438,6.19731659637303,78.68597807911274,kidneybeans
25.13265100870055,67.69493302135626,33.77333685260833,18.205229929106753,73.81219324030272,6.197536229762224,86.20702546567313,kidneybeans
22.57262204517688,70.25798044224287,33.420759842832844,20.12738509443558,68.42274847300511,6.53060363278467,65.79137239567393,kidneybeans
25.20301377418813,67.61786937490344,30.035149253158096,18.042483407424925,64.13870753231771,6.331719022854587,78.71261509526536,kidneybeans
24.91594664531277,66.70102496246697,22.849833891127915,18.605983631321912,74.11123199064086,6.217196290648263,73.54869511168195,kidneybeans
25.579544739439594,70.70289508113069,31.5501084559454,19.690478736192212,70.84245977649454,6.276730030322911,74.99770490480654,kidneybeans
31.619575921421205,70.45276458041948,23.34157722413084,20.712228969942053,68.81096528120544,6.502961036631309,71.39254935330266,kidneybeans
23.428681664376295,71.7378459139628,34.409811692823695,17.89430910319427,67.99717211257841,6.519930422943852,76.355532669022,kidneybeans
26.26686705737608,76.55759129925288,30.50842161357978,18.482321440079904,71.92235021043768,6.177481023109461,89.9284753973816,kidneybeans
28.205386201732896,70.83186859363254,32.99902205961597,20.413157982409984,67.53664481938928,6.293634928488133,68.9650950620538,kidneybeans
25.29400574229815,71.45524530119239,27.293666585456847,16.901690761049,72.10029234619317,6.313523524150136,69.60513248326791,kidneybeans
32.013535357516496,66.76731601339803,25.342477580099835,19.57896012408151,70.46392727145549,6.152063983422511,68.71194165139634,kidneybeans
23.86588212480557,66.13927767839088,30.7822631524235,17.430768691020678,69.66064119881584,6.291647242102501,89.16007343473969,kidneybeans
25.972267666960143,74.74848834032,29.899189680131574,18.607595985458314,69.3928899744061,6.300798429067755,74.37920698773131,kidneybeans
22.603582765321054,67.2295606602001,28.525377521528505,18.245250000229714,68.52758630087172,6.47103142184051,77.3269363426532,kidneybeans
23.94542579457012,66.86816778559407,30.25398384219829,17.494087819263708,71.82322832456502,6.48111375424668,74.78121514753288,kidneybeans
25.746801731189972,69.88270323635034,38.30230767609678,17.46774297595881,66.66357435332505,6.250618590246148,71.12514557077914,kidneybeans
27.538912186923188,69.72942275986783,32.50357664210717,18.79023508246644,64.62080215755843,6.267907028420878,75.91273313535257,kidneybeans
25.957284502070724,67.29248048067012,33.148495817589954,19.545316294570817,70.65898833180968,6.399643845308345,94.09314433872179,kidneybeans
28.77734454800421,69.0850803438607,32.531810674660065,18.36377698665207,70.7043434857813,6.212221732660948,86.89647871657623,kidneybeans
24.715104068221986,73.68812715295032,34.43838643155658,18.573618816669878,70.29665111178177,6.38829602276061,71.74266972990216,kidneybeans
24.003494410482983,67.5820191735046,29.429784981297765,19.0997327696056,70.1008665979687,6.286814026894618,81.87112519566638,kidneybeans
33.11195532183816,65.81898254690148,23.83571607697412,17.479800288336392,68.13454097848862,6.1545902133392065,71.88722128450196,kidneybeans
26.182712948326092,72.82778086269937,29.43424160098197,19.27667713383357,71.12620330184092,6.156474493068053,65.509518437788,kidneybeans
22.84155536206436,71.47689073581411,32.43520712998951,19.360310251912733,68.87699305776275,6.517058804404665,84.38169869423625,kidneybeans
22.917208713255793,68.13844413805401,27.09059881465478,21.23380761368793,67.68479338579903,6.276536778128505,85.33062671484397,kidneybeans
22.171960256405978,65.25349895161925,29.47090214853201,18.10509059991244,68.15789345691041,6.546053114084747,84.56085269457333,kidneybeans
27.809708067570362,67.76612993068431,27.92469077099306,18.019014108248466,74.45572718669474,6.222954560892763,74.32840956776788,kidneybeans
23.906868121320276,69.83588668945218,34.50608775552939,19.307414165152434,64.31556457847734,6.3436807801697235,76.3742637954866,kidneybeans
25.382087426969456,73.49701626965145,32.24837104621969,19.360059377357747,70.34942788159866,6.658901508452736,82.56091748719233,kidneybeans
24.809473976685194,66.89025407539103,31.954621861931876,17.938158488954453,64.46640184541596,6.141391988300508,80.14259825209972,kidneybeans
27.194477223822805,69.74644035546558,31.864803939362915,18.076679189223448,68.70776998652798,6.015327825015033,74.84294706874495,kidneybeans
22.45976772134794,72.02543397968469,29.88825224234362,19.068187380128943,67.82920579008369,6.4929885196930845,66.57126521420238,kidneybeans
21.773283141570953,62.85619797963424,30.59266884758251,17.631036547228607,63.37042359896433,6.175978634191039,78.26865756045858,kidneybeans
25.67289192154478,73.1013585038167,26.444446258403048,18.068939312584234,70.05040149417115,6.2968940453840645,84.78331506484376,kidneybeans
26.80287785409969,66.45264828338068,23.440674063748297,18.594072405736856,67.97389723208107,6.2121122684322625,69.41627904901944,kidneybeans
25.997596939292922,70.9959864803708,30.450243391035073,19.54573561906337,63.33214287508464,6.340224417143297,81.81162582631285,kidneybeans
22.571638812708017,70.74004944883224,30.971970768816433,17.86517145301148,71.26683384509047,6.157419568922139,79.73790644215242,kidneybeans
27.032454526274183,73.25375917439153,33.62779370527613,16.565496314867794,72.87451668057012,6.273008986817504,82.56350077681826,kidneybeans
22.768417218713097,71.65277314268062,34.7140074482471,16.48757265910588,73.02333572420075,6.36747229898348,83.38583462310329,kidneybeans
23.43538406564085,62.868128524810054,34.70999545499684,17.17761627995856,69.96918238975897,6.148753667058861,72.81235961700386,kidneybeans
22.168139425833992,67.64566225853203,27.005929220118368,17.121173895890067,69.12435697415822,6.194987395553117,66.58552404888661,kidneybeans
28.903475045956093,70.41461538805984,28.943204895150693,18.337658703449094,72.58602287641865,6.24789257496022,73.89874320164057,kidneybeans
26.900264623082048,69.41506034164064,31.44100288764414,17.251675838722516,73.54243568041827,6.0856776848660585,83.5016093933073,kidneybeans
26.81498012703662,71.43283218927031,37.595714033226535,17.762107292187736,72.06063549776418,6.236615852580188,73.84147365119969,kidneybeans
28.74163426342735,72.36809966700912,34.440297611141744,17.687209820768846,66.45784847397954,6.317819480985435,72.81520756396091,kidneybeans
33.43794774471617,71.82535520928904,33.35819148599514,18.037466746109608,69.54363110368028,6.240067658761736,65.2058851920087,kidneybeans
19.872321688269533,69.35717517233661,28.83663613335213,19.888629548099278,70.18669358958685,6.259293526060241,89.33037099321884,kidneybeans
22.784870257368677,64.46098896663855,27.350401106534626,19.195044968902042,64.11403418392348,6.297014749364012,83.07356707962084,kidneybeans
23.151474747476428,68.63355625343554,32.366723650149716,18.516935886039803,70.26727378097608,6.201638480635153,82.69679787360467,kidneybeans
22.44754113285192,71.24910444441687,26.69801620729692,18.01592240539012,75.13707793014434,6.403659384880031,84.03214636076144,kidneybeans
21.767250257188863,66.72865824234857,29.284690947059094,18.045105710545826,70.72782764766214,6.515396718720266,81.39278144041796,kidneybeans
24.101040807833904,71.89382419036473,29.655666152994232,18.844133793449547,72.97821531989274,6.230342941170683,75.85078022753818,kidneybeans
21.350188854131787,72.72517989180191,34.77873626736842,19.113377527019903,69.4938697713475,6.3727797347216555,76.39459229717514,kidneybeans
26.00512710261224,70.38060092888753,28.935908091120968,17.54700161859437,68.80231052524368,6.264057426684802,74.61394053900315,kidneybeans
25.155094964285844,60.80866040106281,22.682251084282154,18.538304793394943,70.02943275321863,6.354823101755776,95.28450009230126,kidneybeans
26.443085994290964,66.16573491186459,31.513333942987405,16.366799452903823,66.79726805044203,6.534866929680488,81.25240621127124,kidneybeans
26.52318535491476,75.65856747566825,27.90293444068822,18.722299473379127,66.39780699446715,6.376298931452714,74.36934702087781,kidneybeans
26.80902056028003,68.36038662091487,30.127893073313242,19.300256704056622,72.41902230435728,6.033987819178548,80.64210322562239,kidneybeans
23.879773189528354,64.04757033061301,29.73988589747363,18.20592794177508,72.7053243257396,6.368099344717043,70.67663480446986,kidneybeans
31.363430207901,73.70574216493081,29.178888012546697,20.40735334594711,66.32401294791416,6.484929561496351,87.65542035047729,kidneybeans
25.703293349446295,70.04006677463101,32.37102174535411,17.574699630192146,71.61359677229544,6.266760574500284,73.0377836033018,kidneybeans
19.412545742125616,73.31482146687317,25.40140536494188,18.728312436068425,68.76520806586375,6.4493452209176745,80.88232667020165,kidneybeans
21.992872762701346,70.8308760256581,28.44895732513692,18.462384016000748,69.91748315112416,6.196482668827208,84.69534900076616,kidneybeans
19.778491032916552,71.3756774086365,32.052113739352144,18.39468744918442,70.24259032647467,6.0771691260716585,80.0971876733837,kidneybeans
25.05200388745392,71.08902774314355,28.157745673966897,18.379961723595017,71.68474626393566,6.321175352824896,78.13767244478255,kidneybeans
24.63458432784,72.092464935763,25.173579872190086,18.612460281509946,69.22333914503061,6.036528491888053,77.5729140727781,kidneybeans
23.594722906301627,76.8322913456683,32.00566602977021,19.390356680636884,72.80743738731523,6.2640343480659615,77.11902259601203,kidneybeans
31.03277833720154,72.91301900787757,33.36928389132461,19.946623048088483,69.8354146673518,6.493026339396825,73.60728519973937,kidneybeans
26.64694862223073,65.2589820464634,29.86501437707098,18.497637243270635,70.68529753566774,6.013535564138058,74.4659868490545,kidneybeans
27.178295084339002,71.33998454583671,24.117463204591402,19.356081875780216,66.75019100284943,6.108075480612915,87.4872350221438,kidneybeans
22.20677953617369,73.42444230430965,32.11790924009645,17.76314470641988,74.82837932890305,6.145195163225763,76.7673777293752,kidneybeans
22.002565326006962,73.60810241960844,25.020336355740938,19.304253225362544,70.2685272926534,6.2905020210433555,72.19587518166628,kidneybeans
25.110416497290863,68.7201850508227,30.9263978305445,17.69990889998166,70.92509304843176,6.245142482153068,74.01499122118481,kidneybeans
25.519021418956676,73.49483333556438,27.337608525773522,19.645192932892538,64.65789830972884,6.509870457254413,84.92750209470626,kidneybeans
19.43106529865663,72.78322719865362,26.520482142699105,20.821172921262903,66.77870453768642,6.443152249363754,82.06034477386022,kidneybeans
24.459078931451398,77.71755231090918,28.67426994876093,18.371811917630037,72.34228595738057,6.3742909419102896,81.28222195306773,kidneybeans
25.042216248620516,67.74999479125447,29.45010733071822,16.19782933465222,69.77460601939003,6.321844547151582,75.76173190735891,kidneybeans
24.354552502686612,68.47779827079873,28.067375248840655,17.924523420092935,63.8327947159619,6.3589844665477235,81.37019667366738,kidneybeans
22.55982876295997,69.08164285462014,31.76610983464545,19.79346889100377,71.80338280825632,6.170702646702994,73.15596240658313,kidneybeans
24.221157905962677,63.31865357061688,87.1838351132756,24.780780164710134,58.27899092742474,6.873807092182583,103.59083710632112,pigeonpeas
27.909413462175237,60.7804981189633,85.07884569419168,25.37331382454899,63.490487442919424,7.213904809364612,107.42444100652692,pigeonpeas
27.622833036757193,68.0636668676574,89.87297801765847,26.93741744626849,59.08139376308536,6.961369594904591,93.58257626477817,pigeonpeas
22.054270462147592,63.38870903130166,76.69562687722534,27.263173301138675,63.313485075616704,6.969597738708564,109.46669374474767,pigeonpeas
22.433420641274274,63.77330272937363,81.50489959382155,25.915141289930645,61.2868961733816,7.444915243843564,86.35877270637876,pigeonpeas
25.32610645844023,65.12354006104754,80.76554481021441,26.05358993715616,58.97146604127049,6.866090657272765,88.77134980770586,pigeonpeas
30.17839712400853,68.42776766837035,75.09868996346775,26.910023639172877,61.43907159179259,6.859044790045133,106.38695679074088,pigeonpeas
19.253304506593018,65.06011187259894,86.47622701792385,26.158158112412984,60.961348541538115,6.908403391722372,115.04009105706922,pigeonpeas
25.83499881871151,61.40264862156431,81.4860129157374,24.447794168793948,63.06264846300742,6.522982655042643,104.44088789365325,pigeonpeas
20.871870005280556,66.63163101233654,85.27361701869961,25.024431170431782,58.35496338640495,6.65012213180578,99.63691852119389,pigeonpeas
23.097007019423362,63.54503082721483,91.34914475373604,26.282143931782,60.12361820034486,6.636111914994225,80.24334628130012,pigeonpeas
23.906714745807275,70.6637719145884,81.17533615564646,27.45857889979723,59.81545296118609,6.895713144874401,81.79797649560868,pigeonpeas
23.738474969689328,64.99664083400633,80.92067631503566,27.939178908994457,62.11244442491935,6.71081072350023,101.16468583206282,pigeonpeas
23.398612181022376,58.294893506304,82.94499063646498,26.93543530492574,56.924462416667474,6.781100270731718,96.77743597385943,pigeonpeas
25.02162118112911,66.07209491646702,86.20217757368779,26.344748913243638,63.050931144713566,6.994677289533405,90.04748336063093,pigeonpeas
23.394233300108265,70.83379337678069,80.37482615508694,26.89857666317897,61.39898631651125,6.9442089162084315,100.58979322747045,pigeonpeas
20.612627845437544,69.72776086563617,80.13389401075452,25.199898979751772,56.04922477910116,6.7136127743157195,101.03618230757029,pigeonpeas
27.339608837568328,70.49286286626969,86.46445976340512,25.816122847690142,63.6247884764415,6.5992511032024,108.49974281686245,pigeonpeas
27.258616501446642,61.940719443855606,83.91989746439263,25.01104313439263,66.70227924239319,7.005436814621968,101.2294205471143,pigeonpeas
27.52952293006801,67.73645718793034,74.83226901373192,24.501508867150747,63.00550190864822,6.92412551570472,111.05554931500946,pigeonpeas
20.377796511207755,62.83401638078986,77.90478075199084,26.400258813963447,64.2809543016794,6.388592215883539,100.07194626593932,pigeonpeas
25.896754457752454,65.67286819825077,88.12963448935204,26.222615967901692,60.25611414480777,6.6795403637456365,98.96198504673397,pigeonpeas
27.02793656742077,61.1811427137808,84.00723106154555,26.825182981410816,55.01548524078447,6.787240978953771,109.57880967622464,pigeonpeas
21.906393794681243,63.06663270535185,79.64176525861032,26.655334197070935,54.46763864649743,6.925236686352232,91.19403207962709,pigeonpeas
25.02751974454639,62.97125990790916,81.86096378536881,26.291173125588635,60.76524613160328,6.954772836361449,125.33002707939545,pigeonpeas
24.651200064068902,67.69566584042785,82.54963752300627,26.667939998813065,58.22406357681006,6.813878850264482,103.37731730350062,pigeonpeas
30.52645197570479,67.40215736500896,85.25900010105062,25.94878028452703,57.25627116501795,6.881680694555743,103.42746327553905,pigeonpeas
30.773488111037718,65.83045918799246,77.40651226927955,26.495469674266882,59.81175994809397,6.7644307805350845,104.72586376575337,pigeonpeas
20.006930820009398,60.948735745833844,79.34644072998579,25.128626716776367,61.846755863583866,6.5983833701593735,116.89422827798478,pigeonpeas
32.48178101718397,64.06508169815083,83.5235840807377,26.443647110766957,55.641727359713556,6.6912155120157175,107.13256670505346,pigeonpeas
22.254322836540027,62.76165055117182,82.12562032314206,26.80210122234321,58.653367139158846,6.754273016994024,85.55449618896469,pigeonpeas
27.942019882982276,67.60902727008347,84.64447193488766,25.196382286313355,64.52961204936095,6.742197168745817,112.63123346290755,pigeonpeas
27.911493942591193,68.53455455845156,77.88934725990151,26.062198518791416,56.774134859335874,6.325746096500219,96.93193078499485,pigeonpeas
22.01292931947458,68.16915675809265,83.83923253601745,25.251676988444768,62.60928356149487,6.660566249640878,100.96439565555391,pigeonpeas
26.479803381517296,62.734341741748935,86.59343857266552,25.368191964180664,58.54580771535302,6.7626462719450595,88.48671425042261,pigeonpeas
24.677398767201808,56.78140063313156,84.3255695518098,24.650084773877413,61.63738127954986,6.6866917518212174,104.73581816311506,pigeonpeas
26.662990013897172,59.69911430560984,83.02166902410598,27.518929910199866,63.2919825216086,6.6944646460098935,94.13763138939203,pigeonpeas
25.692016907141877,69.26488093424662,82.14043649037761,27.278822209664057,62.22384530095506,6.859798058431032,100.90152674194127,pigeonpeas
28.58901845611074,63.796235182040526,79.36930817710687,26.644920625072803,62.72747880664163,6.507234632914058,97.44310895175295,pigeonpeas
25.226198629438187,62.74782614520466,82.23000527835079,28.366635142332576,56.54521939977613,6.383690501860977,117.32511521562267,pigeonpeas
24.496377791721066,69.9279808803087,87.22389694830152,25.77290516411793,63.3409791202239,6.6716617970617484,117.8403427013103,pigeonpeas
28.288192699171542,68.79547983646498,82.05364310024953,29.638114898132763,57.44192065609554,6.921925741237903,100.41861853193267,pigeonpeas
26.74118789457581,65.07334616575936,79.16323503994346,25.726964701564135,60.778625296714615,7.129699433884493,100.57579940231969,pigeonpeas
27.195440182962663,64.11979072680808,80.65407341712981,26.30623202210722,60.77473856099168,6.925978853796316,96.63901330285437,pigeonpeas
23.00623998322421,64.60369636156062,83.25318861478473,25.52266650327175,61.455367676608745,6.419640654029509,109.95405662352508,pigeonpeas
21.864211655804578,65.6814883951624,81.09932251057182,26.446790672072368,61.01087002818057,6.697717371140227,97.03972116699961,pigeonpeas
23.296833570241894,69.80014184395883,84.31988731148678,27.002737913463495,57.46857006442583,6.807742735743344,96.20796452818871,pigeonpeas
23.137535842958233,66.26740227271168,84.46066410280886,25.8633003283363,55.95039776311285,6.7899580013078085,108.80733577298469,pigeonpeas
27.358597805958745,67.17808709911742,85.83368692651743,28.132063816541145,62.6170460398853,6.871343524412147,95.15530814215016,pigeonpeas
27.927952150882156,68.50781032721052,87.83834802099388,26.286979141560153,60.55750373255675,6.543663987046329,99.66020468996322,pigeonpeas
24.5346091314028,61.490971996926746,86.23447021639635,26.324582463332238,63.448130522873456,6.764612194698917,85.76820296640106,pigeonpeas
29.292757056473057,67.26458567742213,78.99660350944515,24.90920276658354,59.8658011974364,6.844572636699629,106.3377131061085,pigeonpeas
29.105408181295388,64.11629373601517,79.11174582533899,26.502198889460463,55.78450691796912,6.935775964493323,117.46780245263682,pigeonpeas
25.730196749201617,57.4517144126817,82.21585696327566,25.839167335028762,62.898389043012315,6.568713412512122,106.49102835519813,pigeonpeas
22.53432468537088,58.61549137404256,80.8080924103522,25.270112324795257,58.88888817101668,6.672339704870348,113.15619250792574,pigeonpeas
29.72612994830662,61.945647165443944,78.23127477389646,25.068230710221965,61.026010372263066,6.1416410219834985,92.38508077440402,pigeonpeas
24.816947946914777,66.59366968577774,80.84365577185127,29.206116055708023,58.05762171456144,6.610171057295001,102.1269185382538,pigeonpeas
25.378495589292925,65.34139869602089,80.72057649892861,25.683827299785158,64.93290513070107,6.632006649081515,91.5115606806755,pigeonpeas
23.981184923180294,65.553100121527,79.98057097589547,24.25161749506248,57.37030552745041,6.520593485662325,97.95011008976792,pigeonpeas
22.330629021108408,70.85283044806008,81.31578942691873,25.162134248320914,58.987710737681475,6.787262733802347,106.94990329617255,pigeonpeas
20.594081709054123,61.19273115542056,86.91919068869375,25.938118592628545,60.32234610809195,6.737412277789814,100.91638551792968,pigeonpeas
26.898604970671865,64.91769993744883,83.24714265468465,26.65600043913978,56.72345301873913,6.2416768775450375,87.28623079658901,pigeonpeas
22.649796838310138,65.91330656844144,91.76928403520802,26.665755826070377,60.99155858576279,6.798489293092895,88.16473805016022,pigeonpeas
34.17859368699047,62.791180650384995,83.13940569757368,26.81193746213183,64.83573143240247,6.541127070572469,87.56952461658304,pigeonpeas
21.741779252162562,65.08498023524882,81.4122533477353,25.226167632035203,58.52861351791887,6.859280015817866,104.42307330945631,pigeonpeas
21.22785257505589,60.200151997746964,82.51549830995575,26.408528532201853,61.18542845709518,6.4615834692610505,118.57505082091001,pigeonpeas
26.530416146840324,69.22971865182508,83.46184491916327,24.948728643067305,51.75169384188433,6.756751471169461,112.26212419600192,pigeonpeas
29.587940436901885,62.9551563424087,84.13220233939148,25.256428420383187,59.88321239854548,6.686288251000536,82.93613320768542,pigeonpeas
25.193768970829666,71.09420049433551,90.28766747197133,24.898749230599687,59.06087314222138,6.818197924113824,112.78968344262806,pigeonpeas
26.71672726056182,64.90257702824763,79.33004825633412,24.573933374482078,57.54450719276885,6.778056887471553,108.42760375313182,pigeonpeas
19.46935774762387,68.08416069619754,85.72142271816651,27.277051386629612,63.2443514088856,6.692588060620173,86.09230049024119,pigeonpeas
22.9674653629247,64.84009139302654,83.27906474105296,26.826334041174665,59.02126895512851,6.404338729340045,97.27118544960553,pigeonpeas
21.7791528125873,64.9077685032184,76.60838346536018,27.171998443973756,59.46756753871924,6.417628208221268,109.85970170346229,pigeonpeas
19.314862450156358,63.247912000333976,85.39012043285537,26.047175679229156,58.868421375632785,6.6186254387042505,104.95390159841307,pigeonpeas
25.35094070207166,65.35737178809883,87.25358835301465,26.932169238638174,54.24955238470477,6.748137026115843,88.21814452850813,pigeonpeas
18.2715171351687,65.95399608324215,79.28558848583464,23.886452714428945,56.60404067976911,6.613144211880199,105.49667940216575,pigeonpeas
21.033412101737653,62.64722447325446,82.4664979954051,27.035705021654426,62.88328045836065,6.890672684380379,80.7624946352747,pigeonpeas
23.388418617959747,64.62486675242035,76.02992151747111,26.212543796006035,53.67014805936009,6.687175293177371,97.9946004181851,pigeonpeas
22.506142492146772,63.169703401828656,77.77947577618374,26.752531520178998,57.701053951152886,6.5328721369246106,110.24161092460044,pigeonpeas
26.189225506621202,71.89899220884452,86.43011091606469,26.456027958858336,58.80083983113071,6.687428334077721,100.16554794014188,pigeonpeas
25.91674057570744,64.73080769026514,80.75093810247212,24.815533814555735,65.2308656018747,6.8008184631712245,95.50956205034248,pigeonpeas
27.68139623780637,69.63569645508967,78.34198884398235,24.202352269530746,62.305811296489104,6.823099061735531,108.00411628395115,pigeonpeas
27.257151198138033,64.41313300757693,83.36047636671911,25.145535000580445,58.3284884188407,7.172635304698454,108.77276633577924,pigeonpeas
28.422438368084144,65.77786292460472,80.54095338213367,26.677900737527494,63.91354109134665,6.599495398499231,111.79035723580255,pigeonpeas
24.994244799972837,61.03590778506419,80.73441878334174,26.828109698210476,57.778452538496644,6.73346730114216,107.86908185601749,pigeonpeas
25.91040070245001,63.658782224396404,85.27247259628089,24.358469267141764,63.027299411202016,6.845877888034371,109.73237314543432,pigeonpeas
26.534541105757572,65.63160401236775,78.1434999039962,24.822680759038143,55.92336826223095,6.744729834179816,106.59617701693782,pigeonpeas
25.424970092173076,69.7580114928796,79.10488045244313,25.13211717687099,63.21977349536747,6.637360917152553,102.38975784204825,pigeonpeas
23.80841707024878,65.66594833302881,83.07779997055826,25.57123392767982,58.781599063587045,6.4014171353225455,100.80558099787433,pigeonpeas
24.00267239698069,69.151161083579,86.13528671530577,24.365539002976817,56.91448727717619,6.635062224213072,97.86466252812338,pigeonpeas
22.547324805010103,66.92218733060876,87.14310113058694,24.293537880631842,59.348569160771056,6.508416957138495,89.08868536246247,pigeonpeas
26.26485048972949,69.88220401839406,80.00601854864391,25.013797644310934,60.83203253916064,6.36151349674715,91.40219642062172,pigeonpeas
24.717954477744534,64.82287334808484,86.01516362594867,26.103504603470007,58.51575470842286,6.570972260624118,97.46186966258311,pigeonpeas
23.010478748089707,72.17066813195541,79.55946639948597,24.583286792295812,61.66186051798597,6.514404362827547,102.17306943642187,pigeonpeas
23.01326554202622,63.543811391257634,89.3482850509005,25.86103578803388,58.2510183490078,6.881351972690913,112.96731338203837,pigeonpeas
21.368803816651635,62.700614497406995,78.24835865467603,27.270263379370178,61.86111718179407,6.885245663418216,99.62382494912039,pigeonpeas
27.9365240237116,61.369841450932896,87.481795540469,24.437864315103788,61.3266661861098,6.546627159844303,109.03128661789897,pigeonpeas
25.235853008595363,71.9930740146742,80.03817709942979,25.752265089907354,59.817230835876195,6.691448558123298,109.7138409078891,pigeonpeas
22.41159994128019,67.4583427178537,90.04967420547975,27.229708080500927,58.67585306290215,6.3318954010246795,97.91697882080088,pigeonpeas
27.425643248806054,63.99763779985908,84.71745273319682,25.49807793156343,60.4546223872958,6.6387735112088935,105.35221190233166,pigeonpeas
24.269415874825416,47.90473677711388,24.848577781655734,27.61707311133643,51.92695143950149,7.060769082470884,69.23705490160111,mothbeans
28.96640768223543,52.25341660834934,22.32541163598389,27.1015004512229,51.98757838934384,7.214852416534283,66.28203778346224,mothbeans
26.907530014797796,40.831429943345626,22.776944260663317,27.73521271211046,45.43305730817582,7.06559710156885,59.16407118604556,mothbeans
21.428548735934935,49.37451242243733,22.65642692155898,28.361335800520834,49.30682096030153,7.537319599939462,78.8780924178127,mothbeans
25.48457395646154,45.21040655509838,26.567080641503406,29.179499447754115,45.14531819144482,7.3431489885929,62.36240465292113,mothbeans
29.944336485471638,47.41830065040041,24.303622928513928,24.849823979083837,57.33895357673097,6.926193336467916,70.81814225337432,mothbeans
24.456306896359898,40.05666857668659,24.46428409631844,27.001886590884627,45.2153742079532,6.923673415886303,46.86039287978214,mothbeans
26.343145090285205,49.40424546799589,26.79083769192665,28.190915490626807,46.85647934339054,7.112727212676485,74.57353162085697,mothbeans
26.637636513217437,47.359550253995494,24.573881175301178,27.881364260845256,46.878197435475485,6.798875396697835,76.01572808490937,mothbeans
21.890131302506198,44.88326989564135,24.16523869462848,28.48405149103207,45.51001856983136,7.279909193567796,65.22375340344979,mothbeans
26.53212384764054,46.93533806298336,26.411351066710512,28.321048343351865,54.057781729269635,7.08678412524246,69.19078276053318,mothbeans
20.818494543896122,42.70351409687325,27.004593530672892,27.63415856440791,57.26734370325049,7.061550138606048,69.18886386205672,mothbeans
23.12312768079581,43.2616797432549,24.558779501474188,27.36777616481539,48.57275264206215,7.164868880264996,60.17912322769457,mothbeans
28.227168902482575,43.60966615912381,25.241823326861564,27.705398212317398,46.03873055946677,7.413479172008574,69.10341729079505,mothbeans
26.070268870925073,39.441816414929164,22.654629310800015,29.37849081978729,43.28922350382194,7.041029284525001,58.93527147595584,mothbeans
24.08656657676042,47.5852754826101,22.417950870506424,27.12159048051314,49.267673844433695,6.972870310990868,60.43432307266006,mothbeans
26.33938306373556,48.574780842547696,27.307442505900422,27.924631932227253,49.05090373051567,7.362092709597419,73.45207357409224,mothbeans
24.819723256734605,42.89596755070848,26.334826187633865,28.220010656798106,48.04611162091957,7.232212099837873,72.30993268025152,mothbeans
25.0377355070555,46.044609047834456,26.365895315249727,29.87242111584935,50.66412576192869,6.922964838307907,59.70218373413156,mothbeans
26.97045558016041,44.20337857611229,25.842563046176565,27.639630090116423,51.18551942844646,7.0012447476781645,59.4981774237422,mothbeans
22.817896778022604,45.98482188624309,25.13860982744486,29.150567987213154,50.9692497738137,7.046891419825312,60.158025481567456,mothbeans
25.12100921666407,43.117268276366914,27.08923567246831,29.478375283918027,49.051625384094535,7.086835106705196,70.49479674849118,mothbeans
24.06319541618004,42.349724531737095,27.80532628306835,27.923494882011223,46.69513451127722,6.6744160357746125,57.50011414392202,mothbeans
20.24318987619923,48.156224658071224,27.733684015571942,27.747137225107885,51.99749929342015,6.6298036941276255,67.67534479276965,mothbeans
22.2386327312521,44.80838824462652,24.69766625216204,27.60513559354214,50.03754127826459,6.787026394719411,70.60135107975721,mothbeans
29.704619341191496,51.06632685256043,29.160978189726514,27.693012238908903,52.66507257450395,6.768462773677278,64.33815912280176,mothbeans
26.1541699437557,45.13892989438242,25.685382045196963,29.0250878326922,52.3702266484167,6.8454822366466,72.57547772648695,mothbeans
21.029235095795833,42.221765878948524,26.897128577697394,28.277211972706617,45.734713792858656,7.152330554101601,62.717673728826554,mothbeans
20.37893687245477,48.68082262930782,25.84626367250464,28.282347651003843,45.69733337762719,6.959457002482063,63.396082992545644,mothbeans
24.663508299668248,46.89240049243806,25.74102012245252,26.649731787544198,47.73337784377841,7.047134705202446,57.670653266511074,mothbeans
29.683559599529445,47.18061859108927,22.79274402924904,26.839011907149718,46.831203775127996,6.706167181589858,72.62883010715154,mothbeans
24.439725595586943,48.571802036603756,27.10405251503448,30.572136189732376,52.265755327928304,6.889205871298973,59.25109664765847,mothbeans
28.92099866021205,43.04161111846262,33.53588318472292,27.786609129653574,51.053929027963754,7.140941838818762,67.62328863286294,mothbeans
26.05579231245597,44.618240073044134,23.87561477562975,27.070273605305967,53.29755198135593,7.142788589962432,64.46512949655549,mothbeans
26.413751373537682,44.48565050553662,25.212984146274845,29.717318998707157,51.18946045223276,6.826102281234902,57.10412702666253,mothbeans
20.99283847208629,41.12776038925315,23.661384206958214,28.338170258420263,50.62594874562011,7.038798972731093,60.431726421325095,mothbeans
27.812568765249274,44.20922954952527,23.535940295314198,28.693785900237426,53.59918934103251,7.52772348483576,75.3715417928055,mothbeans
23.99520388817918,49.00913837363047,29.63334843435602,27.83434350966216,51.40918201920515,6.995776496978647,66.5124315697586,mothbeans
27.589277360832725,45.712014311381544,22.981086946817605,27.617592291307837,50.20430289031316,6.833635132925814,57.431372439748685,mothbeans
22.55749005404166,40.961816016465036,23.577758579900916,27.796496353003253,54.44135910179206,6.9582970265530815,67.28996215511519,mothbeans
25.531148042529736,40.3324817650052,20.237521528806095,26.34071419564165,50.34554264945837,7.02212250580644,63.90414476304091,mothbeans
26.056008861812895,49.994328176244814,22.727164826373258,27.894487108696122,49.08697818524624,6.963719588634268,90.0,mothbeans
24.537900050272402,44.72904296923461,19.874800321139958,28.35523969245114,47.48653022366705,6.99247487183764,67.13842881006704,mothbeans
26.21363557925847,43.057769382895145,26.895414097635786,30.220555880612505,52.10907637713623,6.653572768735159,62.14531364700227,mothbeans
24.200808774422473,44.17802470530899,33.39909166551193,28.103198878006257,53.71115162552741,6.768968685979372,75.65020938340328,mothbeans
23.05282074087616,40.568076737048,23.899963619048435,25.198987549347635,49.84823779569971,6.9641595431028405,51.19222874530366,mothbeans
29.816450148381893,49.26928544853486,19.999726201029286,27.887217480658453,53.92374687133952,6.960335687194616,65.70740117285823,mothbeans
28.146858599084325,43.82084118724191,27.6999989932892,31.287404959729965,44.089954904085275,6.8641145740336,79.95821371010804,mothbeans
22.71740576485547,49.10220458321527,22.81922512320953,29.039639481982046,49.83363987557625,6.9575167393416555,64.12850536730184,mothbeans
26.70533291678384,45.154955143341944,28.89804079166062,27.026933267429694,49.87971526368669,7.0146435652994095,52.00024216513941,mothbeans
22.77196343589654,49.28859592370532,24.153912856630164,28.70932781731667,47.81901688277796,7.213459229565886,62.03061526692052,mothbeans
21.445946069013026,45.77008349712926,23.10455293275166,27.109583890132313,57.15158311394562,6.976189183545748,75.90888530719278,mothbeans
28.101428324196927,47.559697988607226,24.46612733276294,26.375430976543772,49.80142210193372,7.095784769271581,67.82052197240579,mothbeans
19.887701123057784,47.15727913826501,27.273330282808562,27.581956764119113,48.776807685186704,6.870015927655859,58.708579178656116,mothbeans
27.780567740729623,46.86987319875591,24.31773810773303,28.109831727086632,50.077886340300516,7.137302973663636,59.86067894615732,mothbeans
24.241833062280826,46.043803431548135,23.509825891618885,25.753413397079925,43.99155878442251,7.090175271426966,60.8022479663764,mothbeans
24.365360190758413,44.30144785165324,24.403505191063385,26.621008851353636,47.72039622396525,7.207796080763156,67.70898413040497,mothbeans
26.22925365886987,50.74630407471858,21.184434446497345,28.012402675818826,52.94971990833621,7.171230510986677,75.0364709970399,mothbeans
26.743596435982756,42.2791890447123,26.191094806881942,27.510192188813257,48.113163935201676,7.141296549491475,72.89317259599378,mothbeans
22.520970469513276,45.01292292702948,19.63982021846527,28.473773525375307,47.51337451159919,6.976379821922133,68.42009136581846,mothbeans
27.15317682625019,45.04465762562278,23.667635636903455,26.542398007229725,53.9285769095432,7.058785414490672,55.012664299568875,mothbeans
25.34011161407567,46.207322260030566,27.27815562649223,28.85693649826396,54.020763202855484,7.255242142828366,55.04050614504919,mothbeans
21.231835621395884,43.711582062316495,25.90914484879815,26.579489083527765,51.55097141648343,6.843502103343329,68.99939015910323,mothbeans
24.490376549260784,45.94423891676876,26.77096171895917,29.971281162325155,48.634647997883995,6.849182133112753,54.908966765503294,mothbeans
29.14383704667678,44.4934722443911,24.804862981843574,25.94109005874602,49.28158680465103,7.043543535508086,63.30824734198547,mothbeans
30.02978439473709,40.254142447686306,28.50923854295655,26.688934875539903,47.58755011527512,7.099667125663709,67.28112834639633,mothbeans
27.15204537282603,45.02865685877054,27.774097590309374,28.500844963638194,47.01568064291406,6.802214440176639,56.468045034779834,mothbeans
21.42896953549489,41.698304000909545,26.338423012743025,29.997079901797164,46.8667505350747,6.982056984780806,57.318032492308525,mothbeans
26.471820707367666,39.796842712653294,27.78263733194063,28.378051643339404,48.14583677964438,6.977440294185092,64.29409201574136,mothbeans
27.55258271157758,45.410619962068154,27.25127066321073,28.67542950421887,46.89583702794577,6.468332772255168,68.7773771564304,mothbeans
27.177123949956165,46.4636500260587,23.68160945995933,28.02104428200767,45.30888464437055,6.947297442577898,72.96139077810318,mothbeans
27.354862866063755,46.58009412631373,20.968303264926,26.768321855061767,50.65820800926172,6.962243720116368,69.55290076077914,mothbeans
26.089789237742593,46.70151212105908,26.26108637752787,27.411833982112746,50.703786742680315,6.9615296937224755,65.55242446244146,mothbeans
24.78276298350837,39.20223293717817,26.638267692494285,26.545708336022468,55.10237827528495,7.339819425898544,59.40353934832213,mothbeans
23.174897512287945,40.916949216277594,28.271415973415696,26.465548038667755,47.99498489493589,6.70820840835787,56.968197531166105,mothbeans
19.306193444495513,50.920564310441016,22.19103617486412,28.482098703183695,50.88830176886981,6.802090582910893,61.16842183753139,mothbeans
26.01892530014005,41.85837371976889,22.28070682216851,26.652186421494445,50.938137737824405,6.37307300840336,68.07451688735425,mothbeans
25.558158530956565,46.83252309341007,26.37970079892331,28.383464808068034,49.2384873166234,6.8845800001182065,67.52467779970507,mothbeans
26.67272752847445,42.93918713500246,24.78649903344074,26.43781269733468,52.23300076624903,6.90504554700976,49.25073510706158,mothbeans
20.987368920121316,45.239018217802695,19.342715168286617,28.355659624140106,52.32568756055214,6.877605477679778,59.10742228799373,mothbeans
26.93505006794518,43.10023739317922,26.12532449126257,27.413580917244445,50.98223328559262,7.265842561476102,74.03380663704617,mothbeans
31.16363528386233,46.684623463858934,19.442731255033138,29.687938640380775,49.23308088485661,7.206548205360871,65.59411285853105,mothbeans
25.235350392333736,45.4103223519501,22.16423034437987,28.38846267469488,48.927409674336396,7.018685613824153,54.372433151727606,mothbeans
24.815004042380377,43.6551306790673,29.055044118580323,29.48293947159297,45.89673830360882,6.911052867150433,82.66865886198613,mothbeans
25.927007068257105,41.84948364095787,30.474637053421347,27.093223940289768,47.58224666414692,7.246285520345647,64.78293700763926,mothbeans
31.097011074131014,45.803322592477535,21.353030894584116,28.067372008293002,48.13397742829493,6.995258113639395,67.88250469485055,mothbeans
21.929056714900327,41.36184360287223,24.011825387761917,26.822695410260465,46.6280847127117,6.8036151906595705,67.99643567033851,mothbeans
25.609620800181716,46.282443126362516,25.127867569236116,27.5036737087067,51.319771900062996,6.588100317403708,62.243034003798606,mothbeans
22.601027733107067,52.8794547271107,30.343680782744705,27.685474932706445,53.58988360696103,6.894084521465036,59.54319738633954,mothbeans
23.358985837465013,49.050510153786036,23.521393156526795,27.128970135175432,47.27581270301255,7.181114468121426,80.91256238799456,mothbeans
24.851229076354183,47.15504366068249,23.569347930900165,26.541396569385167,50.85032430723391,7.546369285490341,72.52404402213313,mothbeans
29.041969724840676,44.743178106776554,29.646176675388585,26.303779211616817,46.89766658141087,7.014786483085474,71.16452900831507,mothbeans
30.40297180206621,39.18374211898942,23.875632541845224,25.192302261151124,49.085233487182514,6.816314676371127,69.32216893788657,mothbeans
26.34442643388012,41.03314081229945,27.166605126899373,26.73238424379585,47.92901126246667,6.715608350011789,57.47511957228737,mothbeans
23.870215830929546,48.84837856830814,20.568571104662716,28.752992676006212,51.805686945819325,7.132469175113344,74.58147643805205,mothbeans
32.478216599915555,42.63073175962566,24.48630176772302,26.08180176158406,47.96363547847346,6.576492147427776,58.67650506491188,mothbeans
23.71733655601144,42.90224370550786,20.021209485020787,26.358252584496032,53.03498124111994,7.132082824337173,67.12465098612984,mothbeans
23.286592256920787,44.50304857294793,21.833698657132885,30.149078285479497,49.2628376790134,7.196250785503099,52.704575709015735,mothbeans
19.67517086626382,41.813861223460336,27.51760406545679,27.236204740182096,48.05118887121551,7.1047070687758875,49.693558620143605,mothbeans
29.18827470773423,41.31969379634509,24.85028382673986,28.3852552109978,46.24008421296451,6.947281198734746,67.38718401989836,mothbeans
22.572702198415275,43.66989036141862,29.854548298588032,26.937540418871553,72.22781487770588,6.928390601666478,85.18947123323792,mungbean
19.032497286108182,48.28842709906602,28.6032396612342,29.639889873122762,70.13241668999677,6.639783253067441,89.07007259920246,mungbean
26.621828508841226,42.83291892339784,27.943179022925214,27.126949756695815,69.83777447188628,6.342167617522056,84.89249496616067,mungbean
31.36024231315237,43.21581796867801,34.641268458394826,29.336790874529626,71.67218967158087,6.810380772304168,92.30497253319615,mungbean
29.168680775740185,45.030740052050696,29.7530229654218,27.763907134812804,69.65298147256165,6.9131979142079905,81.53548608049728,mungbean
24.228046344202983,45.00081031226454,33.81012880178078,30.1816499467902,70.56892149706717,6.879453149656703,75.03703595902668,mungbean
25.026535920090836,45.778834043709644,28.40024345195191,29.287028065872452,66.82637120640737,6.844991998823424,99.82731526084885,mungbean
27.66311877035174,51.275007268186464,30.734328851395972,27.44154973558227,73.89117158947347,6.671567932660128,80.46524697593165,mungbean
28.36638405950472,46.008744739057114,29.833571951230994,27.53706332017918,66.57944581855396,6.568482093424742,80.7366843721169,mungbean
23.969392843522904,37.8658381117476,24.90713307144563,29.135801465485525,68.70366471864097,6.874138860534851,84.50647509195862,mungbean
25.102533147173723,45.97889683029468,34.28501491879174,28.224502962754325,70.29277978255544,6.845950668644612,85.50385832240485,mungbean
25.90184442029361,45.113639983468794,29.594539178902753,28.322190367627567,75.97296063966591,6.623797704560139,82.09987268133789,mungbean
26.661628960836495,45.13035007305437,32.23925465889888,29.8358508048607,68.73195104544301,6.9996204425682125,84.86924577288244,mungbean
24.6007706739662,45.73784192818851,27.743913832615323,27.713876682961544,68.00195255811882,6.55135525922679,84.7017832642887,mungbean
24.639744264793766,44.913965136975605,29.505466855260707,28.59585846078423,68.34754924799861,6.618707239772016,86.31114495265605,mungbean
29.139496989263165,44.84216372083383,27.399442920229937,29.50235918333492,74.97669150283394,7.118195672776874,67.31884405759513,mungbean
28.62856210732866,46.83913262931236,33.70799544829018,29.34957336280488,61.56295901948194,6.945430935990131,99.10657230255887,mungbean
26.432231720308266,43.3737576084165,30.93422804235203,28.332406699103295,66.99178596355424,6.66944790617452,83.89533764849082,mungbean
30.157327210068786,42.15694099308247,31.101160580042663,28.19664882510471,78.19386612747866,6.814660659669799,89.3546696458524,mungbean
23.84066271332075,54.071344357867176,34.074552441314935,26.674243764353022,71.77264622047491,6.784828255017864,74.66423993849482,mungbean
29.868920345888142,42.8524276686563,33.469023890697066,27.390942757701545,66.68204515198234,6.1322368803800895,81.46749804063063,mungbean
26.627546330606652,45.30042873738023,32.296027608408856,28.83427718790347,69.87424605347569,6.546043361368489,79.9576310025969,mungbean
34.813078366643765,40.5130192473739,25.73481795888761,28.35522370161065,70.20236369820358,6.738559511150411,96.02292823381408,mungbean
21.422554219652568,45.349405245154266,27.912962641449948,28.578673432494536,72.53837573771682,6.669762417774156,80.60639794873087,mungbean
22.931964243347977,42.20032334793199,26.988335591965942,29.591216290115764,75.5185060084677,6.805598077086844,90.68559990205068,mungbean
26.25639348460164,43.67258117144997,32.1826010808774,27.25331073548461,71.16565504383765,7.004133520413282,80.12184660495103,mungbean
26.191702158936977,48.13519399731337,30.511955825250155,28.25201068265572,68.38063509096112,6.677654448452866,81.60535795259543,mungbean
30.850416952525055,46.416028705134224,25.828462699108215,28.69814651158178,72.36125332629462,6.512027670872356,83.15837376099485,mungbean
22.9948759501014,46.705228573724455,29.433767360966318,27.76063206554676,67.90524190941142,6.823091623164985,94.62883845121975,mungbean
27.714755556081652,39.68638548482441,25.517662992843665,30.00305096962379,66.89998751203291,6.676509749947244,70.8261050572741,mungbean
28.487389014045988,50.51068550948704,29.84053053579072,29.454016141693806,64.72027338413066,6.714885712315072,75.13252333544176,mungbean
27.113943496661943,41.42435606717437,25.033882488038447,28.804639993443192,65.3046148164988,6.684350913190557,70.39521125732638,mungbean
22.11701097422704,49.58568244288159,31.58648248015384,30.383943368295014,67.31066453162718,7.254413505002471,76.84373410178912,mungbean
29.223276415762594,48.064631597944455,31.13388787810222,26.92615995640935,66.46663069689738,6.245841541275462,78.9129996160592,mungbean
28.687974793946243,46.73199822535404,35.723845480040644,28.491887404839034,70.93970958212415,6.662624871795154,72.89139059432208,mungbean
26.798753559371132,42.435045657274856,32.54361986849203,28.884653817380766,66.4017945225279,6.749169969229111,79.49389190038998,mungbean
25.61304306162686,45.45476953445857,28.731257232532492,27.53971720086638,60.56900109392577,6.574242939236375,69.8896413929994,mungbean
25.678324030133115,43.58723576806542,32.45421027982346,28.815750268908616,66.8682646762316,6.952460812228864,77.36508457174239,mungbean
24.763792623281866,45.087118714515874,25.807008357164463,27.338088381522727,68.58442105683574,6.9329829777119185,94.0031529993265,mungbean
26.922355402757926,44.250383222743324,27.112582188956743,29.225085184187964,68.1836515363841,6.739255210840079,88.02691052710827,mungbean
25.093404558834933,38.884168480282774,30.99942759622533,29.610726506535354,74.55857403792756,6.689098405047669,86.40600754129396,mungbean
22.454425073942076,48.365352452953765,23.525251011756218,28.785950071184743,68.15937232213255,6.72480971229788,77.47916082790664,mungbean
21.854225065517223,44.75667853035192,29.888517645198352,26.554562294181807,72.64277038959759,6.726423002929242,73.47936280716456,mungbean
22.743891239043123,43.54559880149329,26.939210123644738,27.484866802775663,69.94305220095741,6.732366068671704,76.4563294334929,mungbean
25.666396727648355,43.319018301510695,30.30392116545979,29.09294550337382,69.8730858229822,6.70770020215872,84.67592629827989,mungbean
24.919132490694377,46.07537872910031,26.76679092585821,28.522258575687985,67.49385913345589,6.806801095783288,91.51132584795002,mungbean
25.646031379866248,42.31873098511658,31.272744412365565,25.67129725142289,69.8236520452577,6.91947271458627,91.7677556285149,mungbean
26.502439400638334,38.23447332457787,30.057982271002167,29.804971903061652,67.70471161930774,6.47319146679032,89.729592718625,mungbean
23.118037222249363,46.22138940962483,34.20109775064399,28.643489331566524,70.51007294276371,6.513600622672541,79.46832351949043,mungbean
29.396980505036044,46.557308993870464,30.020203602304868,27.639971602799953,69.29125110212894,6.356583443366207,85.18412374302991,mungbean
24.196867518857577,44.4011045259671,27.6940715851156,29.544703377444996,67.1661162004252,6.9449394150804595,82.58993102472066,mungbean
23.699719045655474,41.556291374429975,29.259342432518153,27.788582986447757,72.97568301910178,6.806322740967854,83.49107677378937,mungbean
26.447158711997357,45.26680662266786,25.967290808949805,27.777125276515573,71.28052144006428,6.8636851910848735,100.2784592271986,mungbean
19.490469392874783,40.60640289505923,31.21841176411632,28.87627028356474,68.65581179757325,6.42836289636822,71.78499822247291,mungbean
22.62839665083124,41.918308209937024,31.769550738945817,30.37009038220441,70.43647914110593,7.151613327648031,83.23992388058305,mungbean
27.943218396075498,42.74790619048752,37.40758811007845,30.20476653687153,69.74853243549411,6.613008545667294,94.08811680397118,mungbean
19.787734212813668,47.53181721267467,28.134492028186784,28.877697073849312,67.39722718821018,6.7878463066000325,74.00581378724846,mungbean
28.352722590799466,43.91216714868925,29.196616278974453,28.985504941792836,70.2114886870635,6.942236548652634,80.17189431050312,mungbean
29.533409699077403,43.65640076467062,28.272724426685354,29.331073878689065,68.13696473557788,6.527929554945884,81.0322112682427,mungbean
23.891633986528756,50.86407754623374,30.636341103393672,27.180167140862185,67.1651984931397,6.62707701933465,83.32532708459512,mungbean
25.87543830227893,46.05738749156614,31.14507160343884,29.17635575400958,65.13169800920042,6.7903136492851965,73.03032130295337,mungbean
28.35726125455308,46.01698353142448,29.839875466714467,27.729222858449294,68.92417793938411,7.392931441979559,89.4646454525353,mungbean
23.59963243586944,43.890897764373676,33.258977750619096,28.83440197013641,71.70091197875117,6.817753067141705,89.99715461884858,mungbean
27.603326561578545,43.210884997089664,28.14906148873567,28.261158991012294,67.91602193986343,7.111431258891912,88.81281493763461,mungbean
22.986553614607985,38.440780679948546,32.958522143672134,29.026268743469924,77.5621260764739,7.02127645766819,78.47219744281689,mungbean
23.56719312000046,47.906221595770674,31.615493560923248,28.624008638256782,72.6570569609582,6.832802258211267,85.64883093090471,mungbean
22.60199060702508,46.34492911726914,29.96391024030316,25.273318215637634,73.91299039798143,6.5274309513830975,78.25419820323184,mungbean
26.02794159758441,44.46250202035976,29.055190077728565,28.68783629729044,72.38572903622128,6.988444562434103,82.50552504421366,mungbean
28.473907157696647,44.588319894491235,37.28000327619411,29.174260599914227,75.55859492481572,6.41292517312919,101.15100945378158,mungbean
24.447661203648508,47.20843278678316,27.54897404777376,28.968224765755377,67.63899404958238,7.1101969028273455,85.71771533197192,mungbean
21.18625252026279,40.33586978076044,30.893799530905245,28.39228475648099,62.317787843024135,6.7950011943491075,76.0935506800962,mungbean
21.751879533139554,43.230356005338585,27.7493427892736,30.224269776526928,68.66162317494135,6.15369970185791,86.35251505497935,mungbean
26.183798264111623,41.59109141132241,35.356862245863915,28.826941785577745,71.67465572664261,6.673386128617836,74.86153055452517,mungbean
30.532349240182807,50.31452784746024,32.660478986397614,28.95955696520276,70.45455091524394,6.897138259707662,76.00742205613741,mungbean
26.18117499794319,47.6269665955599,27.964950363476568,29.596716488753096,70.82641783290335,6.6966696285660525,77.19157648038407,mungbean
23.839310348046244,38.39192207659391,31.537784980293686,28.880722649681427,73.96273000800961,6.910876307473554,81.66767910853237,mungbean
27.29855190055085,40.45871512008007,30.773087163829665,27.557081358915084,71.1461727233875,6.558744562264733,92.02726746691901,mungbean
24.28150409323976,44.60296297992754,28.450125714075785,25.939745715531398,72.39673878277307,6.4561539661227885,89.3379864851263,mungbean
23.865144347907382,43.582679363782724,32.27449265168452,27.999023052881014,67.18131177444172,6.733924784314289,88.92246496185496,mungbean
22.124622682914207,41.026853375769335,31.16791617331323,29.29899280217517,66.71381893235188,6.757102275140231,76.75806575807093,mungbean
29.225346532739067,50.83428671295147,30.64709614165786,28.129248852011305,74.84234176907346,6.671613521010977,80.94014233423263,mungbean
17.382376247513008,45.937619741947735,29.874240866273013,29.341237290895815,70.3027046054412,7.026140507994493,87.04000830162391,mungbean
27.39357760083781,46.424448968589275,31.293163477798952,28.656164584716286,68.1303124496616,6.558703340593712,80.2876001095869,mungbean
23.60876518660739,42.92395515230336,30.68816298447738,29.852469373775293,68.13581651935864,6.820462261649778,82.91225169774177,mungbean
23.76897780564516,47.16682244153401,30.17727999907505,28.190022457523305,68.05263063508522,6.765293243511816,88.31019019397462,mungbean
30.076945468353436,43.85870171705397,28.07695225203731,28.99099556789607,67.87312293686247,6.399738910769381,82.38420489099023,mungbean
22.857606723399847,44.1499704788775,35.08129872228748,29.031179317762128,66.15055659218902,6.453218208674585,86.69544691826519,mungbean
22.95979253791477,46.83300587947578,26.848740169954358,30.076681966262754,65.49873879333848,6.752679978655942,96.94546342014677,mungbean
24.608817283241407,40.1130073048191,31.282908656639236,26.70803082834901,69.41498686703675,7.1957699997045665,83.71105900759751,mungbean
26.241542157436715,49.79108357955295,29.0392777730957,28.018671311719185,68.2212223890388,6.880335707677233,93.84503357289405,mungbean
23.674432653121393,45.54716764417163,35.2786418083479,29.39094191065793,73.32147785632989,6.361732164342458,89.19527550480518,mungbean
20.278423208392343,48.84283262634127,27.289552388328477,30.12319130376758,70.87922995980075,6.050140185348149,73.99568504884925,mungbean
22.402905457354702,41.773740730143544,27.794210214719005,28.752075088274186,70.79595304023395,6.914937058425985,76.73397228052357,mungbean
28.84400156939356,42.23050462791542,27.090545810214525,28.192660627357437,67.77063877733664,6.7283519663411555,78.74803087697578,mungbean
25.224330367406534,41.51429933520056,30.970395152851832,29.294974287108168,69.63691475266008,7.006784843139833,78.58873812300412,mungbean
26.353261851111466,45.750893017994514,25.880848021294074,29.41213780899327,71.08300331089433,6.551838467839926,84.32282690419889,mungbean
24.215736378480887,45.19794990575474,28.5644145157267,28.122355237399326,72.14858721913802,6.828797812018168,89.60983036061367,mungbean
23.02150691148019,43.60676454230646,23.542902531437147,28.846822677786424,69.71832452044491,6.940389029181269,94.41368812528542,mungbean
30.032708349626233,41.95779242134416,30.72126406238427,29.73955362553257,73.23737133797263,6.649320681403542,87.31131316543812,mungbean
24.43542442884676,41.20021119080747,28.499355423731213,30.484981942938173,70.02396792672383,6.65413074669801,81.65740332960092,mungbean
34.69159533638797,59.22614372027681,42.36673180341427,27.76496312290852,67.70083395966651,6.679778552989585,88.43254989309504,blackgram
42.764710907815015,59.101542327625154,49.81859748004947,26.997750600425636,67.5714476286082,6.914586219706095,74.14075370644164,blackgram
42.59663822635622,57.91002026248366,48.12706595108905,26.51748014085643,72.96485320930798,6.452229278978279,83.5020552114534,blackgram
43.18598282577109,61.2854487859675,44.59341654661905,26.252391376423645,73.57465243795043,6.751115256827041,86.37462612650548,blackgram
50.3984011163875,60.70393856311428,45.10967899320262,25.766263352991693,74.53643067436576,6.803160923382528,93.11187095699968,blackgram
47.15223704822402,55.22805090519174,42.55036912140984,27.253301761036703,75.41179144975861,7.010043983437144,84.70059289528153,blackgram
45.443978443437445,55.045422014281925,47.67008147322955,25.95685128582618,70.40385830896778,6.393317709913253,88.26402110684485,blackgram
38.8922107622315,61.27405335961726,43.86029452767434,26.449448031634738,69.06640226730522,6.7569193234203535,82.39102187694355,blackgram
40.57626969051221,57.5541407136164,44.219770381635,27.08640303351348,74.05297281633541,6.505822059493018,93.91168966288298,blackgram
42.14433272401811,60.90612346530097,46.82636931458777,26.097286825138994,72.13920784555476,6.863736609946862,96.01214540532548,blackgram
39.59222328496117,62.34279473432756,44.436015185750335,27.898739797923632,67.05263422399723,6.924873720702628,95.81951412446354,blackgram
44.37674196869419,56.18714148778332,44.29510201950646,28.27723421678597,66.89909300344327,7.03961330456432,92.60197933821838,blackgram
43.838408184558894,55.76538823627145,45.031725616587224,26.92310162923583,71.47579060406893,6.629618372780616,79.7861477788635,blackgram
38.418845776044904,65.02329504718588,47.38606624137923,27.0411213270095,69.468176015548,6.958625959279978,87.38538227288397,blackgram
46.98806265911047,61.05471234888738,49.939479226451496,28.064301258646033,69.92071013577791,7.0562028571823365,89.1397199533725,blackgram
42.883663751783224,58.742278029980184,46.75645869673824,26.750305147903585,73.21760009413059,6.38026943178252,89.17281366840484,blackgram
36.01598319971656,57.19817864206121,47.4099426708728,26.67812939282284,72.2771114349551,6.8877776070221515,93.11859504841615,blackgram
42.307464281206364,58.46867745327816,44.40043781369663,28.756323402095607,73.9896197452553,6.965665032100524,104.2607163220609,blackgram
43.55452420971089,56.42828299166007,42.87660641049385,28.428397125648427,64.2053916808799,6.691786563062826,99.19979375464794,blackgram
46.14797135538403,62.65023652227177,46.961958696705345,28.131627502461114,70.7601937516636,6.47757594505685,84.35297831624827,blackgram
41.23446348827519,57.669746539181034,45.513722473801714,28.4719268524638,72.08406556719162,6.962165045124674,98.09682372119723,blackgram
45.60476850292703,63.2806037646488,40.73211405375075,25.423857338364268,65.42024242993695,6.480110513799505,97.78249453324233,blackgram
43.20178245038831,58.798113240689965,44.015791129723205,28.921527324132764,68.03531307607008,6.709870927235047,85.8499433481496,blackgram
37.56854521610908,56.86994944914806,44.751308929555336,27.91166522241293,67.47854451301325,6.740972086994251,99.50314386174237,blackgram
37.19312459944057,58.72109523595859,43.468626398914566,28.561320453206022,70.06509451317974,6.9109960616334,91.17689275345158,blackgram
46.709599513060056,52.12749966749575,49.44520678362638,27.90651986807218,74.88356190608219,6.60900789910968,80.86788370738083,blackgram
46.984940668931635,59.63769426997798,46.43951711070665,27.551371065914164,76.0677682139947,6.5959686700137325,96.25542247825642,blackgram
43.71090961401771,59.48964242660952,49.11952475366594,27.210925327019844,67.55713734078016,6.7722559827217,94.28993504481983,blackgram
48.108900204425105,62.4742282396439,45.79027578495648,27.885501595730517,71.57967175148072,6.976437857464443,90.62165955921692,blackgram
46.46228693390603,54.34108521604986,45.24416350927523,27.17266469565022,71.67639355642694,7.264676250146958,92.19101204888779,blackgram
45.063607735548956,63.485599082590646,42.190206547169254,28.41126990506837,71.16287731454425,6.410816730049776,86.5675447991702,blackgram
39.08258191724873,62.46179788499297,45.0357885995897,25.83422052322019,71.1969389042177,6.8209519540019805,97.53357665632615,blackgram
48.992857816371284,63.75613069109599,45.03916177702632,26.931345345116007,70.91122750735398,6.505529619097285,92.14153226530136,blackgram
44.511130370781025,59.84183587198759,40.8986583478973,29.64706441090048,75.06271036241925,6.979232529721517,93.87320296257288,blackgram
41.05310459520642,63.04169050230826,43.38141759068881,26.842615513248987,73.30739954310417,6.538827476855422,95.4464208765382,blackgram
39.99398748010513,55.586267895279285,44.030152204450914,27.24938209078335,66.81953830720519,6.598204150908977,82.97466868098282,blackgram
43.46293918067696,62.1391426956136,46.24043863216716,26.57329001998242,72.38716324264165,6.617414056710601,85.12216506947307,blackgram
36.233528431855795,57.68651171370016,46.38405033595712,27.852637956530113,72.67712012353435,6.732855238788044,74.26795820816628,blackgram
45.123774782573236,55.04579450273119,43.256044554104385,26.726921865350697,70.94490186145536,6.822719459293209,97.15912363254586,blackgram
38.9241094448974,56.62757844550692,46.40660880762565,27.3051085184526,73.39427311150818,6.858832813561915,82.49926730408917,blackgram
43.88978040809108,60.01659341588781,44.45376321195445,28.391309862836824,70.5642221028971,6.748702302108874,93.59370010663913,blackgram
40.543923734906905,57.52710237534719,36.39113992543513,26.766298410244442,70.60140316322875,6.450774519950869,95.56065285575131,blackgram
41.50842982728236,61.1282205950874,43.54589390414537,28.328041675228484,70.36372163403114,6.913751883819793,97.4694109208633,blackgram
39.661587977131006,54.57528733498795,48.23696592042714,28.363340781338373,63.94526774260099,6.738084300675819,82.56686046085251,blackgram
41.89538963307199,53.61870736915242,39.95458273011696,28.60770389945526,69.75880481828237,7.011390327753308,91.96241665033929,blackgram
49.58517329756508,64.11716230243073,45.33807360124662,27.64756804466394,67.99524827663629,6.590758774617014,106.27981347149893,blackgram
47.693973601432404,62.711400388204304,49.75578364255586,30.903322030825624,66.44065606542233,6.389488186346027,106.64309610987061,blackgram
43.82929608123296,56.85210949225858,42.718161140968554,28.607260381369187,74.30205485421857,6.742344149396308,100.64541552572234,blackgram
42.40514650413143,59.99100106958838,45.006447241283055,27.841121505627168,71.51262255560337,7.04158935486396,95.28431839525543,blackgram
45.66575446509832,63.058521180603975,41.087951228316236,26.580279365214178,69.91050675716636,6.786211980738612,84.20787229202564,blackgram
46.737388977903336,61.25760182487181,49.881693424990715,27.398087917832154,68.30558994669272,6.705074295186107,98.42862840947619,blackgram
39.388181066721764,60.444669288550436,44.750002119010155,28.997643325745035,70.88850875388621,6.554171921027078,91.19632486283857,blackgram
42.20960424637924,63.28546224393779,45.13988052838206,29.29501134640758,72.97430827995254,7.145497455003185,97.12435827100097,blackgram
35.6676566391197,57.80786257439634,49.062901396516864,29.052245555462243,67.51910246935918,6.5183394161509245,87.27904149747003,blackgram
46.711632913478354,60.093535345993885,46.98443518393644,28.3244519220661,69.98551488317017,6.586786292033646,91.0733018190706,blackgram
50.24384096637821,59.946454085122824,42.37311380250978,26.18155678338965,72.60419949655352,6.878257694118905,93.8542157206305,blackgram
42.80030984233657,59.181713856986875,43.058166227738056,28.011519908716952,64.19199661274762,6.332395344775472,94.53179425482433,blackgram
34.53121203161369,58.830583465737746,46.484793913569895,26.19652750304435,69.82729071278379,7.0367828997108015,96.57321239429704,blackgram
44.78333943716387,60.21860471348547,43.12763683481118,25.938155246950203,68.71212588835738,6.890443450698905,87.72164137766958,blackgram
39.10966562694095,60.103222487956586,38.64827006363842,27.7511166188061,69.5985104267349,6.952326991157499,81.41790327009083,blackgram
40.01243959375827,56.854717072396426,44.840277604082765,28.049359419633237,68.49511433088429,6.875576327688672,105.9044765791733,blackgram
44.849661461716266,62.405387729701346,40.55936201662557,28.448545953404846,70.4128738156219,6.713747208572316,113.0363468944427,blackgram
43.454577970672716,57.070844376701224,49.84884526069118,28.0219930524054,75.77088166126815,6.51079154021503,96.19122086741963,blackgram
40.669592092480244,59.34529966635848,45.53036291328946,28.058165285029887,69.02823257821434,6.7184830257243835,81.57706521847659,blackgram
40.06397887774376,59.114158581839845,42.28447482976927,26.466114785758005,70.87513302728232,6.530571829855657,86.12114028604627,blackgram
42.971885207078124,61.07431083797765,42.90410275601264,27.3897744810811,75.98423925522734,6.859384944767187,96.7002199446705,blackgram
40.96450417807862,53.642688179348,39.33180723637824,25.917527375083786,68.34995326488233,6.931525461873322,103.5642037963706,blackgram
38.34036074898872,62.672729444788374,41.70161433965849,25.396462414129793,75.4440260467869,7.082281942019597,82.49365226502968,blackgram
41.25288806945615,57.96902895716351,48.0489696076221,28.277674845335227,70.01596901988133,6.833647719124394,91.47425422799657,blackgram
43.77347233720694,63.659889884331164,51.69535843647717,26.709219386519493,75.34568867759478,6.958029455233917,94.11643953166275,blackgram
41.832111999426374,58.565505226451535,47.17918953959688,28.416123427250206,72.25060337483896,6.683142434123218,99.63277222310846,blackgram
37.19934275656931,59.85346924279797,44.72387238413691,28.663764956774042,70.92132508774726,6.642387643948156,89.66529097119687,blackgram
46.208992330158274,65.74135812020528,43.70412187303825,26.849716809145644,69.80310795434023,6.85657617543378,79.59852879659412,blackgram
32.2294571114625,59.167985373619,42.13051255927091,28.119826649283063,68.12787568036237,6.6630436036386955,97.62487986548645,blackgram
40.826130668643366,63.716549654020376,51.17929769801922,26.805785434955677,70.22737464989306,6.810566802486223,101.77956671266271,blackgram
40.174255795422816,60.11713525669368,44.43375389440688,25.561827181641835,72.69208437706007,6.51123175739953,91.81862044060243,blackgram
43.05567079201781,61.24625649088047,51.346889490187515,27.62947487466458,69.96066570701,6.551633771442832,95.84323075327806,blackgram
44.606231779260256,60.20987576823412,49.18055852883018,27.005582426298453,69.05013158481442,6.892967092729116,88.58544735722667,blackgram
46.725368030978885,62.54355487890037,39.77761070596118,27.03790653888351,69.24765239746668,6.949505266966372,85.52237444351137,blackgram
39.8284817249294,57.94340516144084,43.00214281272213,29.5741102737378,72.97742984074915,6.528227361982497,100.96801186451455,blackgram
44.69968376500056,57.047854430942444,42.99286462747853,25.897850168130695,73.67548436529957,6.900888219863945,95.6968407444693,blackgram
43.23431895455548,58.08427142886894,44.760460907682784,27.902014692140046,67.99854845869488,6.630134473567063,96.54554094506553,blackgram
36.081727343062916,60.29913112897227,44.819057240658736,26.45545240099801,67.99423642765753,6.75371366464507,104.89244997095555,blackgram
49.62702595787791,59.337543643349015,53.98871728619443,28.45367447973069,71.13807675900134,7.068812493552896,83.79755074187177,blackgram
37.10459327284925,62.13082462941353,41.768316376575726,27.813352797983818,74.58259619427176,6.931684627655163,87.94578328768476,blackgram
44.07311477116143,63.91419509946456,45.68690980699317,27.898311566639645,73.43797092493767,6.929071197304993,93.80295012788623,blackgram
43.962349790741555,57.072484988294974,46.84952322740341,26.507865901517626,66.24444336346026,7.179477830652817,87.84441578846976,blackgram
43.53363793373404,57.7981536251582,44.99528398659241,26.69613269104726,69.20777209002442,6.591627148263796,98.96087641599772,blackgram
40.645336691893974,55.69128174506144,45.33054173334408,28.473613032713182,67.20818933593146,6.528178130626677,90.95395642754214,blackgram
45.60219744177688,66.09111897227731,41.86557331708024,29.35933760781394,69.19746243425422,6.587522489198567,84.31160433814819,blackgram
36.64862197271339,60.91400849736548,45.31945858380804,28.004323208085395,74.81322998810606,6.692737262983512,93.04261632029821,blackgram
42.25314204247279,61.439406960154734,46.534196988523114,26.557708243189996,65.73219805365095,6.220226111784324,93.905294859156,blackgram
40.38546996292828,55.97937484490686,45.98280175281339,27.855885448585173,65.14340412015943,6.703328646743218,100.21112701889473,blackgram
39.960132717248634,59.99649003297937,46.71060271173627,30.04884564655449,67.5143375396992,6.6274715853236446,95.74341245096625,blackgram
44.107804202950796,61.52774395323926,49.237823701908695,27.607543951254858,70.86193180772798,6.926345947664505,96.30445772871865,blackgram
46.54054453519881,59.24172692839672,47.810899625743026,29.03493290236328,71.86226446192227,6.829294360277259,95.1424063930596,blackgram
41.21279089311175,63.22711687447919,45.21388384049231,26.72265416586935,71.3123453045846,6.6148432587518995,90.94716419934157,blackgram
45.427554087221665,66.93549337692849,41.48472494435017,27.455809645781795,73.52705620969304,6.882741190206653,86.59119230033207,blackgram
42.686527495417245,57.158811518718146,43.19998417586664,28.15054346643182,64.71074321729822,6.912734188460348,94.88291640118985,blackgram
39.152254215357466,56.93373826206991,44.34110654424775,27.91719472367601,73.56500961507682,6.577077197296933,89.75172068145997,blackgram
30.069467861323048,64.16421268158139,70.73746730369244,20.06167742518051,55.675350181115206,6.676965698423172,87.56048089517854,lentil
29.026546884319657,68.43378001648215,67.2720655859247,19.606530724842546,54.839971113259814,6.590584915465743,71.88828153311819,lentil
26.898517397054825,66.79650251796821,75.1288851007704,19.805438592027297,57.59213087822269,6.624014446268651,78.47987576767983,lentil
26.135400817878956,65.06092401968122,76.69187900206146,20.162511182294637,56.82019953223518,7.142020615394152,76.19616543066425,lentil
24.736122847056468,62.01519666855101,71.33409997972785,22.06171999548779,46.04253239767023,6.819167422461155,77.07471614310175,lentil
21.216628805958596,65.68061905403822,71.08536622213897,19.712343465763038,56.63572661328537,6.789287665687771,66.49306104981655,lentil
24.351483330034103,68.03844111558612,68.89412978329314,20.063134491093656,51.98956177148775,6.690994456829187,87.02264926660737,lentil
25.30420010021577,66.29215776940995,71.93774149824662,18.96154680751219,50.734813775653905,7.300345187573557,72.27312466900476,lentil
25.688369423333988,65.50020550890008,70.39111856403804,20.859957279767787,54.43457976887931,7.043627359990445,84.42598579853635,lentil
26.408609101047478,62.60912704015638,68.7086274248628,21.640015014461937,56.23291332709003,6.5877610241702715,73.3057078956793,lentil
27.763990593633054,67.60154544233603,79.59563311399852,21.949397415148105,50.077796169139525,6.68843661269146,73.27784359970362,lentil
22.9235377849214,55.60428554376746,74.24934806281065,20.24403742963485,57.11372925117266,6.701794977741545,85.6885819406419,lentil
22.950773178372966,66.14853712659543,74.64648165511007,20.689225139935083,57.2900165425948,6.782821195113585,84.20872107347599,lentil
29.352570039229477,72.7109659428338,75.8127483834966,19.815739613395955,55.14092858889849,6.592224151657927,78.90849481800689,lentil
27.312944767579445,60.47487983800446,75.39138581284926,20.633622415633425,52.397129109318854,6.848733717756382,82.63776621119266,lentil
23.827687173600037,64.2758916358959,70.95083767701232,20.37675818299906,52.06186598743212,7.076719829708845,75.5522687332693,lentil
24.67836649314329,64.97626702962582,73.522072336143,20.069917264701786,58.07779639474068,6.454433675474063,77.4435185128975,lentil
24.691858159975304,63.61225155783027,71.49113568402252,20.165304430732554,50.46633194051228,6.496166984154285,73.03403535086922,lentil
25.09472236684415,68.10912272767693,74.14423859291247,20.54230674007238,58.19341138245753,6.641289325058106,83.60243840777676,lentil
26.41804927671584,66.4173530430659,73.78134082234311,19.64701707818532,54.50440252260869,6.651720998975739,72.81946001462038,lentil
32.604978238299495,65.45690111764196,71.06502402175924,19.70900384950636,54.71249650107143,7.199654821817834,87.5248053283305,lentil
25.569269683487956,67.39181768350784,67.51512978904326,22.048834416405864,49.87573688376003,6.975384574503338,75.36811936384119,lentil
26.987794451275754,65.05025212721523,73.04838896362065,23.252656122615658,54.55985010961424,6.962472529226609,77.63843280711026,lentil
19.94056988142957,74.53959346647054,71.73398942072262,18.554759661759146,56.84075654803413,6.690517718959485,82.62141413941676,lentil
23.545300021663493,65.45404080097022,65.41110407109215,18.488634554748728,50.99076973644406,6.685579483472967,77.66108484302968,lentil
28.686445008149814,65.58584629546911,74.4037316333327,18.85141660663022,56.49590760175553,6.423366281902785,75.48911887857416,lentil
26.20694617406985,59.868595851280176,76.1200329209104,19.876053901953735,55.26703676103707,6.925891551310759,77.29734172729282,lentil
15.0,63.36964901808973,81.98133678203357,21.07493661324471,53.06873315850308,6.860487286081977,83.5332738865137,lentil
27.02206960694859,68.44213304539943,71.03300936254752,20.709503530457926,57.564019259473916,7.0393494070526135,73.02574750057724,lentil
30.754493183886307,60.99362944892038,70.47983038794099,20.206437364136562,48.393229693064335,6.702563314494863,76.64790020090547,lentil
19.01227724164062,58.52732847709414,68.33967113585284,20.634722656349478,56.040042246231124,6.718099692104911,77.56943540952796,lentil
29.558163026936537,65.09694641356272,73.28240714932627,19.169496612045958,59.858305474219875,6.7882602439261435,83.33595006981167,lentil
16.684133108122214,69.11223352242493,73.25869317709383,19.707052673896857,59.31982941730198,6.950676954489096,76.8260437263678,lentil
27.81399683516024,65.12714368608837,69.4576387445497,19.975886541949045,56.16942016161557,6.419201485028068,89.70601888783263,lentil
24.97405412196328,63.99162619212097,71.8440129424856,18.098940393353775,54.09495767160746,6.915612630091134,76.44336460042311,lentil
17.95008635426615,59.42453618677706,65.08000374916492,18.606427754332884,53.09259233035711,6.745388498511113,75.89563544076437,lentil
26.33841348171936,66.35676236810659,75.97391280437468,18.65412072646681,54.091222618283076,6.5118066147104186,76.3455331790803,lentil
28.452519247456177,66.98382532664914,69.60995277622938,20.916929868420528,56.63142174375372,6.280963705652835,68.61267035655843,lentil
26.09166101146472,59.6548025026967,72.37003868220133,20.2944259382869,52.57826858362175,6.71929341482737,70.50209378437887,lentil
26.75448291117884,68.40359734609166,67.14989967013332,20.73327344008873,57.272271454151145,7.075735421236666,73.91799849426113,lentil
23.764971662982816,67.29708657767632,70.3161740020191,17.792414012237042,61.399481554009974,7.126804050016814,85.16685147973837,lentil
19.415830734336936,68.39694782764204,71.45153317430928,18.219719976738077,54.81435029461782,6.829959647400772,77.27639909930643,lentil
27.075592067011193,66.75057527550003,72.45765932389689,20.795858528307793,50.966815590150084,7.191451274364506,74.22865172009398,lentil
30.249261758338886,66.96104812643395,74.29899693320942,16.66559643000074,50.96576576105076,6.7403382563347325,85.77910953284452,lentil
28.388742562682378,66.56216269610522,77.89653156307332,21.469555229119766,57.329696655134725,6.964493299119626,87.97044564702276,lentil
19.03637251119596,67.60541696450359,75.24766603538508,17.81201942777265,54.82076146311867,6.648473049996054,85.97383161112738,lentil
20.455316778367198,59.54372669262825,76.10811703679842,21.012013870309975,57.630492688192156,6.634215261161066,71.74164251866269,lentil
22.46209677460798,60.49682169913546,77.92289041228676,18.933698450291644,53.399097252521955,6.597560448701857,74.15707181369282,lentil
20.22107364615957,62.79197629943069,74.63640455571012,21.2586844582059,57.491870642619496,6.28638098689703,89.74271847462435,lentil
25.13256975866812,64.61053948498234,72.36234801642877,23.849793096699795,54.525102479650826,7.039595758488055,79.12769292100015,lentil
26.18024741554157,66.16441076992454,76.28416964845646,17.272186843854648,52.802487834028156,6.605632701193946,75.69351731195147,lentil
20.709240150272898,65.97404495968655,76.52378482235622,20.834452577432778,53.79700456359285,6.569676274555081,82.34884873898315,lentil
27.331385377826585,68.3513174343681,74.93212189237263,17.830204743687514,51.40883693373029,6.484506371637148,84.29926870466726,lentil
26.803311832060043,68.44548589574106,67.04514651111461,20.512122706661003,60.968078675744835,6.704019126779336,73.64271539623421,lentil
23.35552262546889,62.38284467511862,69.34452442589507,19.751873403737726,54.71085455932454,7.146785769875942,78.98121972068454,lentil
24.482434042048048,65.7157283301514,71.46929710988569,20.155738786954213,56.93354226604659,7.221100241435112,83.75428046721514,lentil
19.150596473040906,62.456505356834484,75.42357882775963,18.905976468406116,53.389392601387605,6.3763049529445315,69.668061764771,lentil
24.003213531138776,64.4352588849393,72.4199509284854,20.9366493313958,51.84421653406053,6.670249200905337,77.58333183762645,lentil
25.02215492239098,65.96537410714548,76.76325737543961,18.261970594435542,54.298358467246196,6.517269501728918,69.97786984190768,lentil
25.50624278568457,55.0,77.43213735779105,21.48996471547849,58.303577600137594,6.972375991772592,70.86083164574403,lentil
26.13663073606052,72.23373211891905,76.99688925753952,19.50889963206778,53.43780462580515,6.814483548141133,73.69907447700794,lentil
25.732725229691717,66.69922603219243,77.02077711680107,18.31677118711629,52.38840408181176,6.606771901339537,80.72055688068643,lentil
24.206968908202988,63.21289017375978,68.61127285752981,21.91392418800884,55.46639273310743,6.766328943132979,75.32634725669259,lentil
25.85858482766295,70.78210926569068,74.30988312295916,19.919188816629017,56.49706780215323,6.642580810183266,73.12317765646326,lentil
28.006095979930745,63.95770648854142,70.22176609641718,22.289163164530432,59.92854450655955,7.1132053712343515,77.84799330244347,lentil
24.713505780071067,65.39755815748417,66.316001257403,21.46562735517601,56.061251435117484,6.873065890878609,69.7580015842016,lentil
25.95278467249503,63.538652568807116,71.42198325479062,19.04222515425628,56.93197803559371,6.900710269706199,80.39442172037889,lentil
24.441486812007646,69.95597551233001,77.4677636211022,19.8980122388759,57.15782571076097,6.149943567442598,85.1368606432186,lentil
23.059723250561287,64.68504588108236,74.22778253794424,20.145245527596288,51.54095385420211,6.734972547263517,76.96537272333092,lentil
26.568639000752814,65.44845230221853,80.0667851435221,21.831563839983726,52.11000378859137,7.218722465788282,76.13211929522359,lentil
23.334322167489383,68.61134645907634,73.16461304475541,20.52502125604054,51.74831113118305,7.048379040758254,80.02072238420509,lentil
26.15844070297657,66.75541837238323,81.6792603259734,20.211551145315752,51.00356273292506,6.334404843167932,63.80783142288707,lentil
25.084766114530137,64.83695580459778,73.16570459568894,19.76014449548203,57.38637962461121,6.679479187646192,81.1235178320356,lentil
24.08819597043957,68.3311729170724,72.5843011105765,19.939331556974434,55.87015027499127,6.4796581201682875,98.43772917527782,lentil
24.015571503560018,72.61544968828386,67.70228717029438,21.56551050281399,55.23848818927435,7.134997851081645,76.67193550747564,lentil
23.475637022752938,65.95223134639826,76.66461027609787,20.00444642095697,47.221850453793195,6.804962613512079,76.69590602241476,lentil
20.06259648373296,65.3502802636177,70.6170307664732,19.52600327444219,61.166430575855856,6.577245999060427,82.51934725067287,lentil
26.148685285485076,65.51188125085724,70.07357135221727,19.322591401263576,52.31718398753933,6.757685537296678,88.60599551033624,lentil
25.694640475834962,68.93128850249455,77.30461461410964,19.335481815396605,61.155438267816876,6.163342755959591,84.08103294993042,lentil
27.54901075734548,63.202406794901236,76.84333500798483,18.31748480474868,50.65227555804605,6.50588370672227,62.949653569561036,lentil
23.405629293079617,64.16504732086501,76.74519262704004,19.099549630008227,52.56279652433039,6.75819983831092,81.30294215422354,lentil
30.686150876430002,60.38767115262008,71.14178324729382,21.798104330780387,48.39145185247111,6.940276957901998,94.8605284803813,lentil
23.8607921564511,61.44839641208008,72.30884050510531,19.752080887319003,56.08637492782809,6.313204322865598,81.70147706562639,lentil
22.37467107341591,63.44659999190609,72.27554600864056,20.84529400226732,51.6962295375663,6.664240055766953,69.70643708541569,lentil
22.018945240472007,64.83218901781873,75.43444317752149,17.025492178519,51.780999537704936,6.977179291166735,79.40234996482565,lentil
19.798232790311012,70.30724997731036,78.32586750685336,20.681973570759055,50.882457348476805,6.423423002016014,68.8553610534478,lentil
29.597883677179382,66.60797841477567,73.88054958199403,19.806376754757064,57.33206518821359,6.801566137826439,85.8214249025648,lentil
29.113202172305986,62.26376446943062,79.90584157009009,19.42227197253139,57.13439095470264,6.76484426319885,71.0477925308115,lentil
26.802235488654276,62.81605854390765,75.86447906762398,20.217151948905357,60.43610167323636,7.135735572080235,78.00114453417116,lentil
22.311733576672662,69.12424604969196,71.61950227207093,19.405009695425566,52.94288013678108,6.698219356549881,71.70998498655503,lentil
30.433803044677358,68.37983104588757,75.60766777298366,17.45135009613397,55.6564581131404,6.711389865365609,73.81147561155106,lentil
23.94484251543503,65.0844497306726,78.8972760451579,21.106697529406325,51.131994407794146,6.942365944462055,87.53151685955834,lentil
24.19292250632004,63.6724206033835,79.99358368753,20.291621073617833,53.994882931794045,6.4515715496888975,78.19833586303245,lentil
29.311777241308228,68.37479850711392,76.95084254224655,19.62326905430258,53.443464060156465,6.700301278526057,73.72538330235139,lentil
26.976731753442618,62.02001861982594,72.5962792012175,18.840577553513075,56.39334987248626,6.647461872560885,69.76971119651462,lentil
31.60330941626378,66.17609119417257,71.6874002972903,18.23617098067144,58.05106541925457,6.718744842141352,64.8660149668038,lentil
25.746166780957058,71.81797697268,74.66026063835521,20.26867124848167,57.9732000724945,6.940891451016639,69.05385572372187,lentil
23.808907601263826,65.61606704675437,78.77740435726642,21.936129152270432,52.471563183347165,6.8746863341434885,78.25572487974955,lentil
23.164585349620612,62.67317156221519,74.1266342083042,20.243799772089247,57.995403713868996,6.581546480581048,84.11657793887798,lentil
19.45901146842812,66.23110610801461,74.20449451950805,18.34068607268861,54.86774458867661,6.780757320748623,73.71762742615014,lentil
29.711630802157043,63.251192341822126,38.753328446936536,26.32502745663819,57.644077222092804,6.142628508487405,76.9991557183195,pomegranate
22.84749873331532,57.12782182177682,39.34680207425256,24.54148320804774,65.20506899932163,6.486370071228963,95.18003187999855,pomegranate
24.285964831360364,60.072232219451735,43.40025780774298,25.962565973520782,56.02482110152394,6.222284433454246,79.50161251538053,pomegranate
21.761269838988245,55.855262479412765,37.27446878532379,25.334348744505757,64.84629081953578,6.387605357129681,88.4966884198861,pomegranate
27.972285203703567,59.45634052108356,35.4892106237981,26.079741971397063,56.950468134279916,6.400977796122475,78.7277393503306,pomegranate
31.292531842133705,62.510768356872376,37.921220880293994,22.983539314711553,59.99696030239015,6.148200923609639,90.69650309322414,pomegranate
19.714549117191407,58.69512450259157,33.32229069981502,24.781508390203847,58.52941165956594,6.495678948046416,77.30438499301513,pomegranate
23.961513794095904,59.252895882168595,35.32305895848491,24.912942208141306,58.96881398538643,6.079228405601553,85.29420945821317,pomegranate
28.794339541150105,56.610613805111846,33.05681707076506,25.935463149417476,62.40407170906665,6.425035199506197,85.39638482401712,pomegranate
20.659163435723197,58.05492475912522,36.19395367268864,24.0573435982268,64.49948039168643,6.162203808812531,102.45854002319943,pomegranate
26.700051720913258,65.27433274864302,33.04427273594054,21.250103913876405,63.57157411486693,6.328650538442213,89.72818965985124,pomegranate
28.66441660062271,60.2187746751514,32.93921450041485,23.37745042347562,58.785431002974455,6.146051574470292,80.55321989253045,pomegranate
25.234686443070512,56.993076700048206,36.24041987931651,24.90842802143364,60.55276566721366,6.261244594308984,90.13786722737885,pomegranate
26.6507892128204,59.05568415024602,34.586865677658295,25.095826338254998,57.653766378994916,6.008193917119352,101.03630852863905,pomegranate
30.282707158382824,55.207717136500314,29.217436592849758,27.525622183937475,57.025349062275914,6.305700321554979,72.77772932136779,pomegranate
30.84527966230344,56.95752092357937,30.63332923606373,25.874119660987148,56.561097282813996,6.2599422628659065,78.68138468073455,pomegranate
24.81409836089655,64.08101921713936,31.55820052561561,25.122295418847234,58.68728007904761,6.128465450333693,83.2232683066503,pomegranate
23.4028664521023,59.572552726840186,32.351084281658075,24.951413084827845,60.748816893044825,6.237618707562183,81.87183829643537,pomegranate
22.24005966677891,65.67219052830362,36.24326998843591,26.65627507325454,54.264554520745484,6.280151007137779,82.50432476252594,pomegranate
27.930892451286137,59.71395648451183,35.65681654121491,24.114834321763844,59.8609388922577,6.11131966301535,75.21825800805068,pomegranate
20.884673326627095,59.89206391142551,38.195838115097594,24.789574318389104,64.54807537364857,6.221029320460825,95.5296704016251,pomegranate
24.242277886026393,61.92268247562637,37.258405468825316,23.366112819792548,63.36573320722238,6.023750813298642,74.33043551142535,pomegranate
25.3080693128634,51.98223725334179,38.21570886854797,27.128359073042954,58.24444777042,6.777789933766226,83.49840392783126,pomegranate
23.490992461843735,60.61481797096072,36.82518857437737,25.58874840550242,55.80938127215164,6.488301698546842,92.84372943820523,pomegranate
25.83946079505737,59.853040535817144,35.62903792727447,23.93871505599408,61.37949091939448,6.311446173767099,84.7736135714061,pomegranate
32.693539954878275,64.45811668054544,38.298055226862964,24.82831748452254,53.0477152493775,6.513725408682256,77.65454374822923,pomegranate
24.635204228960372,62.89403818249085,37.7582383752203,25.76447614480942,63.33046234764803,5.80466819274615,74.88493257719531,pomegranate
23.69378311771783,56.5989249433596,36.128286102661974,24.623921630916588,59.35923762635028,5.674522058987349,83.27500602979164,pomegranate
28.04599547314556,63.72641585588274,38.81321561258043,24.1982940674311,65.49390096173221,6.160159511106271,79.3222782561215,pomegranate
25.718750932436567,59.213056423257015,27.96263527248981,24.018589471023503,54.8191035432706,5.939823067689526,86.53923318777234,pomegranate
29.31800731363413,57.28664032111187,34.12861047757865,25.508442848861673,62.7544386756235,6.196763756999126,74.48911639206865,pomegranate
25.494062859459156,60.591309752613604,34.08262860304481,24.462918581183974,59.69847348955741,6.296272744133852,91.09776802665716,pomegranate
24.2547303760869,59.391691933008545,38.45804863244471,24.31936339785588,59.00684840558376,6.457093262126637,85.86662142373349,pomegranate
19.648825335716335,64.61539594208557,39.71418499085231,22.99590736741689,55.89046960436357,5.993890603538077,86.42377295764358,pomegranate
20.14079591856478,61.02186608547363,30.649461889369213,25.116460864790753,61.78724372013515,6.339916904386016,95.80807583680013,pomegranate
19.492903928718693,60.61697676265802,39.23350152244783,24.728164841812138,62.028412154330574,6.253237680959252,81.716533762211,pomegranate
26.13801749885272,62.70194124856632,31.485664441921195,24.517527477037053,65.35538340589767,6.328189594734944,79.55637478950082,pomegranate
20.913251560397622,63.27861485427814,31.576354263317533,25.29815601623308,63.02415078858178,6.13305131108044,80.89177278739845,pomegranate
28.766732097758148,62.3508152828919,34.297142893017906,26.122003394103846,58.2183140131328,6.561205406468977,83.55605072857557,pomegranate
25.090739694567862,64.25839041844486,34.045380583602245,26.052348207910704,56.98841224914746,6.226710554103311,84.31776328906504,pomegranate
24.267439242694994,61.82604723874137,30.32474816084937,25.829092751349645,55.89452569943284,6.649191000288348,78.7697669754867,pomegranate
22.468434774386985,60.50295439418011,36.9496339204777,24.63899458204642,64.41967303691841,6.072162552921499,69.82686060225205,pomegranate
26.86677624481062,63.717516186264085,37.038207274179804,24.149502496088136,57.6654771471664,6.417136151489999,80.79303249340721,pomegranate
22.586506541372767,59.72731157975358,38.16212478849101,23.434126538016343,64.44068960691392,6.236574591873881,87.69869249715167,pomegranate
22.043865987790358,60.099739549033984,33.69963401066641,24.110265238992877,61.5752161225862,6.176257956249978,86.02193729690119,pomegranate
28.565049761816045,65.16473075189074,34.88125185508265,25.029475142704854,60.98970864478188,6.392270951605198,93.9966585236937,pomegranate
26.06386348232507,64.86577238386569,34.90871850529207,23.820570817521276,59.07939506231911,6.182685967182342,99.66614907972841,pomegranate
24.295211715255185,59.97547257923003,40.06398632440539,25.144085708676165,61.982018739006755,5.651057799139601,90.69500328593851,pomegranate
26.92429895420115,58.63934526808315,26.497265652100346,23.551814983132203,59.9535877114896,5.560854672285781,95.3689048180617,pomegranate
25.026795619332095,64.3895205006255,32.12916695303269,22.508512166489467,58.89236012559357,6.536294986063911,90.7508071919734,pomegranate
26.14903945135505,62.401255073745645,35.01662252837539,26.229109181297193,62.0880143599446,6.526808153022931,97.82424441945538,pomegranate
22.549456292873636,60.94674376259209,31.74328929525349,24.28837810695123,59.568083672336606,6.674651712907588,98.8814022571845,pomegranate
31.211195826731867,59.03438186943016,34.22503892818665,23.744449520164164,57.60499566378352,6.24605614413651,92.13373878084195,pomegranate
23.261140096971324,60.99508973614378,34.62177339089027,23.359229288053843,61.79948032638195,5.959157169550474,90.2978510981844,pomegranate
29.66804898084993,59.93487462033689,33.026941673622595,25.6345539620956,59.8080430331143,6.155593635403525,83.46075871046975,pomegranate
24.43339345208657,58.00698546128101,35.19340677830802,27.06236156720195,61.466730035273415,6.252570515956295,84.68997039277068,pomegranate
27.421291346964885,60.387126985761704,36.88444783327344,24.395389208490784,58.63842042493744,6.023416399535851,82.46622001487303,pomegranate
27.202670497078408,60.79627213691882,34.291200664906995,24.676654938006127,56.37263608595713,6.62092931266912,89.65938708171292,pomegranate
28.440555265450136,58.873814799239305,33.64041579809379,26.607447759833608,65.20522188754282,6.753888147919841,79.59738971980488,pomegranate
22.478128878507565,62.711477065828554,34.50270525003838,22.28433144346253,64.63983423229072,6.35761315766429,83.56670342665068,pomegranate
28.226906203836585,63.86649717693297,34.977690960063235,27.950302964369,62.651354883785885,6.247555656992906,67.33622586116275,pomegranate
30.53931955273432,62.909693080966235,29.779041303996735,28.666150453489553,58.83656794387718,5.958632429843253,97.92317421079382,pomegranate
24.223921062274428,59.17125484435802,36.38466175388383,20.940493705869876,59.099046080516786,6.597947626635111,83.34644063060261,pomegranate
25.104118201426367,62.26746451256511,33.64699631165961,24.853745156624864,64.1469823376894,6.267169032441036,88.41685328002433,pomegranate
23.42966007255954,60.233884192380124,38.78460522443315,23.921579452195655,58.93850988729776,6.184938010357612,95.93340021033552,pomegranate
23.9606912434447,56.292762064302146,36.773160426927426,24.602842343642898,58.102331890958105,6.358264169951771,87.25220078080885,pomegranate
30.13426839679747,62.01818813549324,38.51019921265897,24.372422395576116,65.61670402690936,6.118214905977434,95.83257776570073,pomegranate
21.987296421609386,60.43839492287084,31.966988618855275,26.21763864771904,59.856966955158384,6.283046913952409,75.68696640886475,pomegranate
22.173643534447685,67.78064400620792,33.885840076437724,24.831145139548013,65.30527598554154,5.925444958559726,102.98032442198277,pomegranate
29.83270280924313,64.37181258983568,31.272624537627774,23.633639178700065,55.804824267929995,6.4945946175817975,93.15332648866574,pomegranate
26.873645277665087,62.133450470803574,32.88442637321202,24.741722258057315,61.5545546483535,6.226507515744474,86.56901869364981,pomegranate
31.361110747127572,60.74751150386454,38.756316273525776,25.772176355443616,66.21324779764984,6.510730193642653,95.68809499469084,pomegranate
23.64868408652244,60.49116676517406,39.46247173376749,23.224418008352078,60.08925223397659,6.204744359985636,76.23523835507972,pomegranate
25.378843411712708,56.988931789100675,31.55560011558662,22.53064946654503,59.20798652319661,6.2193550655236045,82.8353884092288,pomegranate
23.017969168684587,54.783038318400266,33.62516699504815,27.98911420125298,56.49674424720474,5.97722857863431,95.83187797301784,pomegranate
25.429903505943088,57.38232267275531,34.77141298392815,24.036359980437346,63.24702916330574,6.420945318929082,70.99704864328777,pomegranate
19.67770990814709,59.85684894548871,36.75681692542934,24.793970519620714,57.68961575207794,6.052936010344804,89.20343331219104,pomegranate
27.054863669965023,53.68338216537305,29.720569209390522,24.40330689126164,59.71557432183003,6.140554966030174,88.99132119883865,pomegranate
25.970422250477014,58.36703462318175,30.190999755414683,25.822131556123214,56.29649316062216,6.25023561686857,99.76919362616621,pomegranate
24.82733601260224,59.25716090062672,36.468878431617206,27.659184884636566,64.6706838002923,6.277275441330105,73.12783435208323,pomegranate
23.828907026201005,59.35372033954363,29.152884293246228,25.869900762593925,63.464655932177045,5.866128188451004,97.07223292773725,pomegranate
22.315738037895702,58.01482920543557,33.65960778158339,22.722452278690014,59.90524575236061,6.198068680265196,80.80396942638323,pomegranate
27.183138736098282,58.9754585568558,35.486275425676524,22.923814859487205,56.53755319323922,6.428926799194835,81.64742905066109,pomegranate
21.486730042889782,65.17168148437159,36.246997909799354,24.401552837009625,64.6077211477279,6.164873942232122,75.83496709780155,pomegranate
26.53568773614773,61.986435844471806,34.574845713368504,24.5976502007001,58.90220481885856,6.199435355302002,76.84110971899806,pomegranate
31.223354184428374,58.31909766930555,33.90272984285741,22.4170730956801,56.684385477547444,6.286541361439613,88.02641760590441,pomegranate
29.456564465932896,59.79495663491411,37.53371257914944,26.22901138026166,54.71364596258237,6.221658902676925,76.65751063913983,pomegranate
20.48461617198804,59.9150599930432,35.85561777909727,23.370519163177782,58.06210460431868,6.018134011962789,90.55213250239687,pomegranate
23.38978581897009,57.69613369877955,33.05895013414562,27.239952343188634,55.63608563241018,6.241822122174947,80.02775464772685,pomegranate
26.264352221666012,57.692609346768435,35.11316869004671,27.73094889580858,58.131537490431526,6.473666463251327,75.90224645613515,pomegranate
24.78915423395695,63.03157206098014,36.14950706796858,24.627619701051735,62.233226201093146,6.013485411864905,81.04143140230079,pomegranate
20.801782845152736,58.74064686744955,40.154711724354144,25.65845896062728,58.8737995080743,6.165741574865691,87.5253039381723,pomegranate
26.155947854420475,56.715910838907384,37.35897100487474,23.152079166873698,61.067080146341134,5.9391329521146075,82.91985053551736,pomegranate
24.969949314651103,59.87057896779167,38.64367056786183,25.93551448971867,57.8299960214033,6.461810938860328,85.25657588749598,pomegranate
30.742976225811347,60.35402925938737,33.16817781110111,24.252711364848444,60.195507199092695,6.229219403461477,90.22155596377063,pomegranate
24.24031389214766,54.08188732741849,33.427451281234994,23.36914701761747,65.76270246625806,6.0587050824386806,93.11816088712712,pomegranate
28.504010155979774,59.87776092654842,34.29386002156103,24.565997517620524,58.95454176591931,6.270759760032215,82.67428518557927,pomegranate
21.19873479061007,62.60393980304478,34.569282060085506,24.301377987391955,61.153288312858976,5.979189951648523,77.16833488317882,pomegranate
21.915972106310477,61.3536881565655,31.975925126591328,24.512260895494368,55.303418317594684,6.017463505421409,85.57070859191887,pomegranate
27.16498587942847,66.68938534558491,38.797800879670454,26.42451985422454,64.56031836725062,5.9214699557833494,88.52987189578054,pomegranate
91.2356481641683,90.57621999289195,57.5402087325732,28.147492692168438,83.96957478092452,6.460625453109184,138.4315741335284,banana
94.6563502179545,79.01746683401916,57.21683771237034,27.461056289088894,87.44517201283406,5.7612554185324925,114.99069826511295,banana
95.68487862422235,87.56409076917595,56.61258948458183,27.500345448085223,79.72260834508715,6.125171647721877,146.49508971333725,banana
98.75306686767775,89.64185698747166,55.22076733305843,27.893271170057652,81.17668851006883,6.237711651808736,134.90415321422657,banana
95.43379657823928,84.16130321219448,53.426869999186046,27.959718122887786,90.65137935647701,6.301860169771717,127.68049887647393,banana
104.2422443505814,84.38148853198095,52.555092080001934,27.605035594048044,82.80360192591226,6.086544338981004,145.08013010277057,banana
90.3692007912495,86.88302216043215,58.86971658028501,28.291545677877416,78.67796578474665,5.836458666312631,132.74270770081046,banana
90.52168781683345,86.55167685050405,57.29441281517977,26.366714426192324,82.01449713446218,6.069754009224527,119.26357191127288,banana
97.99666713093123,87.62058673315205,52.92008731839873,27.342580366981945,76.43937328526587,6.081529452785576,159.94543110456965,banana
98.94608317516087,87.52576236880547,55.11949530466941,27.74806495641743,84.11434781676319,6.076053963590107,134.76661952097166,banana
91.27213676285137,80.58112462472957,54.09965472104496,27.229496331672454,85.56495113870946,6.4682631827967105,133.90129973949007,banana
96.35950694411461,89.45619923967224,51.61536788288275,29.466278213328003,81.17526094076968,5.976939374918693,129.53108018163704,banana
97.59373709548547,90.25052422985607,55.53295412986391,28.016975662052456,82.29965399825866,6.317720336748586,150.92953748267746,banana
97.64021231786712,85.83737302160634,53.75352200728241,28.159092710403314,85.85531809619073,6.285616833374031,127.91414014008245,banana
100.91128889973575,78.2763011205265,52.14239000111294,27.565092362831084,79.03695056464252,6.466102392431126,114.14277190604334,banana
96.03052669345863,84.4836443229996,50.56260233757472,27.985798971664334,80.12999340889115,6.22004532885919,125.83785156440429,banana
108.86701780004964,85.87482644623256,50.30858949938299,26.90627188212754,82.91830628662512,6.42800446761945,152.9114571061397,banana
102.92922783840143,79.84929892995932,53.88572161691608,27.847164667514434,81.58154616445961,6.211250468928828,146.2337841796711,banana
95.15731887615208,83.37937871390344,54.74471508872525,27.15669241426382,82.75063941144235,6.34773831848158,131.55728868909188,banana
100.56706896020543,78.65783775598656,52.374097569513054,27.750336773719454,80.27743668551336,5.9118382553693705,153.5389444121464,banana
100.74409191163363,87.732815012439,56.952218282971685,25.696075090327753,84.04649938909985,5.6563874328345,145.0972200890954,banana
107.28832884698669,85.74679891705924,54.80336037465111,26.984797112400827,83.11945563279103,6.334948042052317,131.4010435909328,banana
96.39770542650189,77.5939757583359,56.73065593179595,29.3175337640629,84.90043576029423,6.347016203358827,132.76021695613542,banana
104.60403218632344,86.58159187711891,54.45126762943688,28.747357974196788,84.01101872622475,6.356988024959174,139.44578938126335,banana
100.25112685469486,84.74570973674369,52.63864709437868,29.187135402323708,84.02705968486487,6.131890184180198,123.76952617953849,banana
108.9493990986926,87.32386427239481,55.34235271341584,29.248949142703832,79.81191624594821,6.585187506747334,135.06081838437623,banana
107.74534871583644,83.23810404810058,51.211976463945035,28.60568868174803,84.75610845669442,6.14652749145917,139.1649304222794,banana
101.1818758275556,81.39334269665639,56.618315561909945,27.592418183158777,82.65629067539868,6.3446977794262835,112.22595577878471,banana
98.42630427390364,81.53119918093986,52.1885523804606,27.06647414836094,83.07517431549347,6.383793150625918,132.4441756453334,banana
103.03963545807673,82.57823402553218,57.75469757960035,29.032070144904726,86.17307415979657,6.63671653594355,130.9087414975632,banana
98.91729983723701,85.08471293461471,53.984632761274256,28.05811117694865,81.66543933088192,6.178668335547288,148.87891826946435,banana
110.08184263587,85.66581309441156,58.18760054892975,30.244620534743717,86.94552003757045,6.1030315960984405,110.09929058355104,banana
100.47082046906208,84.14176054986353,51.63213043423505,27.671411821590322,87.1834120134014,5.912917288506552,129.8496687339999,banana
97.56614420492298,83.09506202951566,52.966690897813535,29.775606269302433,85.41960031527915,6.599282576499056,128.49631226057807,banana
97.24230948355644,83.41868529397533,56.142804840545715,27.85888738837382,80.99941693254307,6.344817454085922,147.9609580129416,banana
92.72178648880775,96.2847615347812,58.51149128028027,29.202443737532832,77.92495222365133,6.351938748826218,134.41212131357395,banana
103.33935476855994,81.53173681825805,59.99982672494477,29.52702256350921,86.25102903136285,6.951258454297882,159.247277716307,banana
95.07993278416299,82.48912596154213,55.124098491042616,27.07934506463736,83.78403190639425,6.323135066766917,143.9398806557362,banana
106.58888951312649,99.82234348765667,60.51323689236027,27.563501729538217,81.59974644940527,5.956977683852493,129.4619895784415,banana
92.24238967599057,86.89455986107248,54.131006350523705,27.070318696871322,86.49258397657678,6.20592169562658,138.23539240354594,banana
100.7634486938395,78.79008700343337,58.29630286708892,26.8930499605676,81.30302485376158,6.030673958009053,130.22007107351232,banana
106.90134255098472,88.79209241789769,52.17345700912208,28.600360165472456,82.41840409151109,6.160929611218876,146.60184722162066,banana
87.08651761225818,80.90482499859483,56.26060152058976,27.82303446677588,84.83847042900834,6.159417339380213,117.01533087057133,banana
112.10959326275312,89.09077678512294,47.97492087743066,28.047129690871124,80.66031277938207,6.117919512009914,123.880104316287,banana
97.44828881681134,84.05066974283193,51.63522696504063,28.50061522147595,83.22082368050198,5.936511436295036,141.15181390049145,banana
100.84657229297284,83.02091867729767,56.40003039424229,26.328351849656578,86.27729981897907,6.608312867576267,151.54771205776888,banana
103.42869535309806,92.24124235972413,51.06268344339843,29.15808940356135,84.03833239623388,6.317240809998639,105.27342395212082,banana
104.35677433669332,87.54880608696661,56.28084883236755,27.685815252994075,86.68093715890039,6.199268792192447,153.5553614158706,banana
101.64330362955809,89.37845246852143,57.719374362437094,28.47916117561407,86.3906860129153,6.420468511641042,133.1081757662219,banana
105.98430750223821,86.95713855783976,53.49603942184517,28.55864155530569,83.51973275277513,6.355990136841113,109.5676880138483,banana
103.11442427753087,82.99999964293106,52.09314113297741,29.233716904687455,77.54130949028865,6.31203041486696,94.47667413449393,banana
110.56528684019382,87.75109489116194,53.577440152435784,27.90562835099527,80.68028064720097,6.404124566372536,114.35328811158823,banana
103.13396525712758,90.44146926708007,52.10256304244744,26.088726286861363,85.44650198658044,6.280135317345698,134.73398444608708,banana
111.78781311929852,85.606321195829,54.696359325952244,28.051414852108206,79.54685887827252,6.400799827823108,134.11037648958006,banana
105.40647304142594,93.10739171955927,55.30627187466425,28.18063617234544,82.66693389910328,6.419450267697499,143.54820586857568,banana
89.16549924539042,88.82719241440859,54.08196963070957,27.069165226773894,84.36312556490704,6.286611715382381,127.581923102927,banana
115.66661607032705,85.95392147397226,60.023077720560465,28.132741588989646,87.24740527419185,6.200411238963374,120.04145262297669,banana
96.5539353491367,86.13168938958017,52.84178854093907,27.67508340874634,82.03369977404124,6.594339505327129,129.42333376657794,banana
108.97326409121041,85.6175670803543,59.17429953776594,26.791521445645742,81.85910634183801,6.142472153550978,135.4537388733063,banana
100.16076065871663,79.36942546482254,51.87628229106366,28.604336405508356,83.36626329543647,6.338045560096153,138.11543273189625,banana
106.36654154561548,84.59467511886128,55.218332709824644,27.492647364191985,84.39482807301576,6.34312939241629,124.34627655982253,banana
95.86912653480523,85.99533918403525,58.549316225644205,27.634258706736638,83.10667059013996,6.112849483240682,147.16953045452735,banana
103.75446725853753,83.12761695430062,58.39407145675995,27.583679037441623,86.17563428965882,6.068239963304914,126.61114358172554,banana
98.48085672763357,86.51954658417112,53.7392263068993,29.11193073771773,81.4621832257774,6.170383295304283,123.2588156086138,banana
109.47401866953933,85.095883706598,56.66520916021403,27.963175454403945,83.80641038011656,6.139251208035488,127.67771462217809,banana
102.63200900450205,88.48161350994445,56.26353725099268,28.07118983849124,84.6352924111299,5.921920623631255,149.5103423719852,banana
105.61565584780939,87.98400571479579,53.38018246422178,27.60342746105224,82.47940633474006,6.103413606433163,133.2072478853011,banana
87.01553877116157,85.75218979413178,56.84784981144422,28.416580140029414,85.64126033822791,6.309900171542776,125.62406770855807,banana
99.48656392126824,78.847541989141,60.58747651615712,29.214386243605606,83.87984428016799,6.534837306433435,147.50245463105534,banana
102.46330981034977,93.05825232406526,56.41510199518789,28.583074735737856,85.5115565685383,6.374738050414067,163.9271052893081,banana
101.34168943863824,84.36149050642986,56.699069137212014,28.61818026520137,83.99496547552452,5.665104737866696,137.8307155631708,banana
105.7669432823071,84.63601095837191,57.01646493460212,28.54560718529591,84.45983165729243,6.394293335820398,151.65687322168336,banana
97.80457452917527,83.45865618085276,50.61707017793458,26.75778162101995,81.88740102003415,6.124415848173464,148.98705233275965,banana
100.29272263020778,82.80214754770509,56.380674019618866,27.211493051470775,81.89153215176238,6.351943016804746,126.8238633526125,banana
107.08736058648995,91.94826121600235,51.94972127548442,27.815511345760786,86.62221102381838,6.246819566677608,135.35956143642915,banana
86.32786597932785,91.23719944173736,53.2303391779066,27.346722361756097,85.12055163352684,6.206645284130464,117.68564749899618,banana
103.53610300983004,86.99977031609951,61.48582534356551,27.041916677719602,80.89143882613287,6.226996961208518,132.23327940411792,banana
97.99669104403868,84.51624930506173,54.24021517102357,26.315041833216483,83.96120173286982,6.2449545306392995,126.54643001680273,banana
94.52609125267827,87.78603093256189,52.77947768711732,26.788123708179274,77.44687106348466,6.5524911187203045,129.56103957812894,banana
102.01926534565588,85.33208641796217,58.45774773670418,27.76912699839166,82.03645258256648,6.245576457905855,124.87641707636546,banana
107.36470778085193,84.14399686754605,52.15696899147287,27.937516269863004,85.95062057538075,6.4942456299657705,131.12419308935984,banana
106.23486298890509,86.52147664677848,53.657742567430965,27.286251601482483,83.18087874878654,6.461478819815273,142.18514126457634,banana
99.18932181456023,83.0147901387455,58.7471565039585,28.071032691414903,83.80067730764839,6.400085248206322,133.38685920906005,banana
105.2544457825657,86.13518918801545,55.12830269592388,27.60954972318246,75.80822782137346,5.848010765470822,109.8309618303023,banana
105.20840739067506,85.91899416529736,50.31520886462041,28.981516228636462,82.49975327375282,6.501242347636362,124.92737237387044,banana
99.475772377041,87.71321209566067,56.63196884296786,27.854536812377646,84.3625941707594,6.146972208819493,114.48810874046359,banana
95.84151668807075,82.21388369135975,53.810602353860475,28.626697793261545,84.68648918226576,6.411038638241823,138.29481305075387,banana
96.18859581326602,88.19561358794444,59.61955445959074,28.182892386065223,85.95400706390262,6.031180112520907,141.79478441473154,banana
105.02712009320882,80.92159828172272,53.1814391570976,26.73813606468035,82.96384273297775,5.983358340256768,138.46340099503124,banana
99.74711911772386,82.42345006770442,58.15367792117778,27.91840764183654,83.07757767780842,6.69468746578702,124.37004069045827,banana
93.72290668161646,82.61983723384415,60.327094097097145,26.887938310604184,80.10310055500486,6.034678809961425,138.33252804327142,banana
89.89082298694525,80.17576702431845,52.447170328565285,27.90269124560477,82.97847007510835,6.507873993786643,128.65345754712018,banana
104.99098871257827,89.57048027523548,54.42036093772542,27.32938226449238,80.2829835908856,6.276644572323217,119.63395642837159,banana
96.71932946641466,80.6392638571459,56.16587582243335,28.343766730136327,78.78793119449618,6.155472986868961,145.01605391607055,banana
101.98232653393589,81.85487648166998,52.42796274233748,26.79188109628042,80.73279260621803,6.239913501025703,146.0433746752709,banana
107.43824144241474,90.64933469718989,55.81088484012349,28.013231642751492,87.34714651490013,5.957253738280455,147.81008899462734,banana
92.1464531388791,82.43237784165858,54.32523913748202,28.515174024306873,82.81006893614115,6.246905264587923,126.78729389956185,banana
99.72917571692292,84.15335791687856,54.264797285219906,28.816836012378097,84.06068727570958,6.006383429373409,150.92139122135657,banana
98.97583512268679,80.44586949587558,55.146815178124335,27.3122490179042,82.19058455944496,6.1610251462793535,128.33663960707108,banana
102.27845725376777,88.74828043430207,55.213794146735694,28.01597587498646,78.93409490039767,6.458192401893155,143.82226784076994,banana
23.467262014699973,36.68689953417841,33.42138308361759,29.400322765609456,72.17687594013462,6.610426012574262,116.67615328043634,mango
24.328053508762686,37.91048442021794,37.53795253927038,30.48361179513313,66.90437731324404,5.989282813192691,98.71521728501651,mango
17.736466427832433,34.561631265753775,38.246591991797914,30.458995231696505,62.96895020750302,6.649186210400199,110.94728276805186,mango
24.094260356749253,30.869566997178595,33.43599250339399,28.458851808175858,72.51512866088405,6.254171307020511,108.30324752132701,mango
25.273269900355082,30.907538423708928,32.77123769627289,29.232820939392788,67.31604647451988,6.88390640470135,90.33170878436066,mango
23.769851147908483,37.57929219438824,37.22409959279271,26.76307756141743,61.02562340399117,6.394410671352648,110.45127910347763,mango
30.26856420425542,31.21821794360043,36.72467575374179,29.118911610226316,70.17161294434888,6.162913319135004,90.15811129754421,mango
21.51260174402417,36.176079833179735,30.76816969786722,28.047212686601696,71.34632506587549,6.522741367387776,111.59496419573418,mango
23.30925628868822,35.34304732946179,31.614693091085837,28.77634108884738,58.40284348149499,6.225129499676382,99.6744877471261,mango
22.28538217004244,36.13139745293308,27.390709985155983,26.977553762219966,64.40792009200162,6.880683542429938,105.08785615919275,mango
23.308669063013586,36.414754423537666,36.786160561936406,29.48584674406289,67.08579745759607,6.50015906225993,91.41006052892344,mango
28.094239188822115,32.198987646746296,34.21451842059276,26.96411756530927,70.25441591740731,6.454497013072014,106.28501439785057,mango
29.434095382980892,32.07341546295578,34.51354873707415,29.177941528149905,65.56595030765936,6.677540305679303,114.7329793886915,mango
22.897622167243174,37.144781402301206,29.92566770689444,27.52819328837294,64.37946786759774,6.198515768239912,96.52686300576248,mango
22.83097737183039,33.11196616830681,31.70569294073202,27.98043075783694,70.22688468630106,6.1132539034014455,98.62474559548788,mango
21.528614054218256,26.749554523984553,33.5661232622973,30.385678523054196,65.7437911000719,6.622505473832491,109.77352074745863,mango
28.91885615955791,36.94626589365159,32.983023199556534,29.705501535096346,69.53270493955762,6.170098787597357,110.03599239829286,mango
28.363013220748908,31.891216135793695,35.3535082265529,30.379043765204653,63.331816293845286,6.169996953875163,79.44111736671069,mango
24.68205460003364,36.40140763371576,36.75040437989544,30.87167255900155,62.428751177863504,6.751026809366266,126.16176681971912,mango
20.81170241107936,39.17846554795091,41.80883770785559,28.07259355143228,70.332259340889,6.657519232995182,110.54981157725747,mango
21.080012303631243,35.05028737178584,34.93994890990722,30.798765994929045,68.44694966368955,6.123851137264126,112.31764595575609,mango
25.51188835115378,37.98729749499059,38.34620798929084,27.24139321258532,70.95920899963578,6.3142591871175995,103.49282531004883,mango
26.6480137553395,35.46139304160861,32.510081669060675,29.895320401453883,65.5027762465446,6.228880533216104,85.51878816020142,mango
18.801565584936554,39.762287984423445,29.975161055073933,28.407994742480035,64.51835511570096,7.032895789412174,112.08458164312752,mango
24.036070268386354,31.81367867372868,33.94309505986963,27.88363982883282,72.60269582827841,6.771803128271182,99.0655257035757,mango
29.854887668672152,34.97535505875053,30.206834846377276,29.73736384076533,61.788904635020735,6.373746546198418,110.71128278892508,mango
24.347472380109142,37.0194848151244,35.04401950150731,30.133941830203057,72.19297765942734,6.672858406803048,102.70258876224135,mango
29.468914272371872,34.42876472896987,32.658637626474004,30.098322063975854,72.45189265305893,6.0931441442207515,107.49941348072197,mango
26.947138386867053,38.456656989958006,29.137185839736244,29.25783186667375,70.72533567849779,6.298206154643152,96.86253799520293,mango
21.747161197493927,33.70388138146766,40.20807543758053,29.158348761595086,64.92072181121083,6.531458979782566,114.07608389812879,mango
24.12198611994443,41.208113454886664,33.38731486068386,29.63223990283988,64.4380356122799,6.635669224743774,92.52202008569445,mango
24.61391728436589,41.36659251281674,30.087142091167408,29.364516890620628,66.71229085125675,6.470762262345967,128.57847896606148,mango
22.14246529571948,35.8462159886819,37.69451537152187,29.649627007503177,62.64360121188225,6.574404053214268,128.49846066736362,mango
22.090395931567176,36.65780354106385,32.814156912382145,29.24479935333286,63.893647504674014,6.523500937985938,122.14334564739836,mango
29.52030577635568,38.57501430687391,38.270498101071986,30.011340589407638,69.91775359315892,6.4509267793933045,118.39252935063236,mango
22.067918140921144,31.4384078030979,32.799816995965855,27.047350632139487,69.9350591783406,6.411156322342732,104.11224223854677,mango
28.235308229226042,31.063999956266628,33.377306929211606,28.842471829896336,63.564094400493914,6.372120538196665,117.24874041034569,mango
23.690546564904952,38.7692567415729,36.03449512843114,27.339384207385297,70.03545725737528,6.569581252588576,103.99014676810066,mango
24.923082010350484,35.821965418619,36.77965814211233,29.332042421125863,69.20363739652427,6.623244676759837,88.68806580642428,mango
26.68553325471572,34.32048426206063,37.305451212021794,30.970316211024436,73.16207345466414,6.5595077501956505,120.78361484732223,mango
23.204323981285963,35.033369908643486,34.730776583812016,28.43109826166364,69.63426165700321,6.146420884999682,116.85265686068631,mango
26.7037129404836,27.841875582907793,36.58585016466375,29.15270243635666,71.46967895150392,6.200321644657044,104.67093936961793,mango
18.860710901354853,34.428313056628994,37.23688582077026,29.907784057905968,69.28904096598829,6.61966454178442,92.13556529802293,mango
26.31912216524391,32.74085978242033,35.60170741570055,26.51873248188017,71.17473416136446,6.941501990201263,98.84489289592078,mango
17.594409626285092,37.75421490084525,34.57202566020711,28.373467421426973,62.67331066287085,6.545724638467626,85.87797135868115,mango
24.319459819904626,37.98509233515202,30.66411515530661,29.43741879112742,67.04345828583408,6.376499476256901,114.92334895248877,mango
27.562728955955475,36.73004070238973,36.79752247033996,25.52360632921127,67.35381461914676,6.567302136632833,88.1652558479261,mango
26.86688591817513,36.186375946397426,35.12652109742345,27.827829808310035,66.5859376989927,6.158953573245971,108.0117241365401,mango
21.104768563114177,30.507959753839195,33.75915244294788,30.321029568057547,69.16457486368772,6.892682946960939,96.14121984831327,mango
21.491006811719448,36.77192923999062,38.83329909077498,30.20359628054087,69.87892370435907,6.555978243352408,90.0196138275055,mango
22.933983879032095,36.88819383657015,30.71649910126005,29.44918187284412,68.9709640390168,6.299162836036835,107.502728479425,mango
25.558647587074404,38.73557796130619,39.93210894609466,30.058637167931813,66.83646044541999,6.4499613601721375,101.49510645422367,mango
18.90420042986889,41.35462943729059,34.933180164096605,29.258125081305757,64.74101220058078,6.341889130380915,113.80098560696636,mango
24.960329272454324,29.922317979285175,35.952554535508696,29.666473888930778,71.61444777808588,6.89350099304505,91.69014467834857,mango
25.934288121400193,33.83456952314536,33.814867656409184,28.621215549391263,68.81149806230188,6.439327973165883,97.04819622252487,mango
24.150888457387047,32.77320008852706,29.99878126243001,29.138975219506513,63.68019803100222,6.546609723834678,79.92975681084565,mango
26.575962904159155,35.51752156515522,34.58117030460266,28.24115553630101,66.77367171881392,6.672117936995387,82.06435983555681,mango
25.67117247497861,35.04020557465412,36.004234720678376,30.516180013018776,60.96262620859739,6.277770018870638,123.88102030477438,mango
23.375037221803314,34.297753780759564,37.028676339207784,30.825871291402642,67.63263980380292,6.558112839840547,126.87778156304653,mango
19.19143191922153,38.08281308420352,34.405900404683294,30.65589536083649,66.75607521525527,6.582330670818263,105.9736251548515,mango
25.40023924471247,31.69575736645765,28.422380476386746,28.510269485986566,65.34574893616748,6.033776353693813,96.34979795798162,mango
22.140773904310066,31.876635597822183,30.375015966252125,27.855471152761893,73.44225071176324,6.575808946633283,101.86628628235388,mango
23.264972125415365,31.927324186705874,41.15605887128988,30.532368392900196,63.16442205171708,6.486271380517058,114.17252912610682,mango
26.43737265388926,33.91901723772204,31.722392048683652,29.652688643109695,70.14897356880876,6.538989887634799,99.59891529186852,mango
29.252000150303054,31.314229352264462,39.281148374717624,29.39430120982837,75.70015560349452,6.5106889140471695,107.49515560393773,mango
24.88581962967397,34.85428553360219,32.19773978774721,28.239641498065826,71.53975463893758,6.577750961885025,104.86606146994689,mango
26.662194509337613,34.5035294161074,34.452632270816395,29.510796575164118,67.38172956713338,6.901202967702847,99.02746696412999,mango
20.666561976541328,32.64045465800276,36.87562477879971,27.697666328405678,63.24724260216252,6.146147776374467,99.47497616708536,mango
25.736570742985105,37.621298762168585,32.53941666025738,29.76087482729484,62.39226683780829,6.397354299349874,108.07986915269784,mango
24.820282186968512,34.82149841513979,39.776645407277165,30.654664039527454,65.9566811439093,6.699985588688851,94.74267456793187,mango
28.687682741878547,38.18794209209541,35.22718507420523,30.957254652689542,64.92374724782285,6.644277760318373,109.74315812904692,mango
23.37862457191373,34.4148504463867,36.38255253889901,29.85022886493178,64.801699091407,6.637821666002625,100.0484209236836,mango
24.27508714851289,34.92741533530594,34.19717897594262,27.341574140454654,66.27632454198283,7.326073164702001,106.33735669880642,mango
28.176443401398384,33.31165278595487,36.97616086105127,29.236796157135228,67.11657340167868,6.684240657235012,119.53160694476986,mango
24.72389862281605,34.97886037839355,39.736378219549586,31.567618092869257,69.31954480366986,6.839281338876507,103.233983525117,mango
21.673475856138193,37.13669391839614,34.60614218713036,27.95766609146926,62.85826417701589,6.407878382344247,114.65794557201592,mango
32.654899819870366,33.7659973031891,40.18913837224771,28.92898211250774,64.94158576450106,6.202126287830815,86.1836550132198,mango
21.7642217099898,36.55523588760399,33.16521257486264,30.696229222161172,66.9012296894157,6.40570477122991,100.06118835677376,mango
24.80589975535143,32.561759116862774,37.29228811805513,29.740560706488303,66.76693052466274,6.713588051403021,105.29073052129877,mango
26.04006446807684,37.27715169656663,36.46734300872915,31.976187589382125,74.38658890280034,6.622048356448753,125.19497213166783,mango
25.802852527093343,33.260282518064216,31.794253781952893,28.120556740125693,68.37092472271446,6.620975411179664,84.42050312577115,mango
24.430768887980804,37.55503961968715,35.641429113912,27.812293057111013,61.449038205152156,6.435696683960861,103.98979645012584,mango
24.445718888421077,35.18292962730099,35.02209781355112,30.46895052300221,69.06818010595036,6.387859214356108,120.29523293462076,mango
24.295204401136132,39.56286120017319,32.44042347116947,27.564945646074158,69.54623896028993,6.4460428267120164,96.75728574469784,mango
21.652198424225883,31.53779682123737,36.07400730258238,28.763878413418958,67.03076989408223,6.7173426350495635,102.76519249053047,mango
31.450657643268187,30.571469680064396,35.43886863832555,28.92122414616851,62.949762470965496,6.752218228451126,108.48325934308316,mango
24.34002724685987,33.1513482620733,34.78223915807835,30.243187368063108,74.09270510742549,6.198127505098632,106.9373398140892,mango
26.790792978469288,30.84616715589706,34.79426759282394,29.737121561630296,63.487935324070286,6.728702767829435,121.44058999227136,mango
23.996041426955184,30.85179531671517,34.72996922322914,29.548477897012233,69.97789577405975,6.304783630773131,109.70897500576893,mango
23.935708982933548,36.86465228137963,33.896901136261015,28.517082946518,68.25018948398976,6.640676495552316,118.9416154028993,mango
23.63366901199105,34.987463619762025,35.41950228504494,30.45800482289833,69.75303955886164,6.442410277261254,101.21991224824593,mango
20.350462636032248,33.56095706988722,33.06825736290866,33.0,73.9007172156275,6.969736564771695,97.22448318187189,mango
24.51813657963769,33.839112208083705,42.97042847441,29.829538518707498,69.60614577052888,6.374577611305656,102.62990647329383,mango
23.77897703704171,33.208287007020985,30.772000263604053,29.119606649056205,65.40500914858676,6.553583552268435,92.82941751964019,mango
28.51457352755433,39.95110750345713,33.24579176829662,27.44256443480941,71.64747103172985,6.6819779472678285,110.076872810206,mango
21.409899647246455,32.79348287707089,33.48277368626918,28.235022260819417,65.13337706233455,6.237812344963135,100.94827981606991,mango
23.268558467335435,31.033598305750104,41.12148024297361,28.743547719263233,68.11334254273225,6.478142883371916,97.94621655023651,mango
22.304678599737752,37.38815185245898,31.0395960500675,28.35847971167944,62.65093646994079,6.420024534613058,110.23591330102052,mango
29.327591182035427,34.35273312995654,36.27776689395833,28.98070659856778,63.625195397487175,6.345855954978208,92.99098433126997,mango
22.391774665435985,41.11632106645366,35.74518219513962,31.133619292168746,67.6927000141357,6.368083099555028,113.09027324548585,mango
23.56498783452592,135.1581776072573,166.8078672591215,17.917423548515213,72.30137449605267,6.724746718168756,75.77455771656858,grapes
28.477289332282552,135.94373511420295,168.71755594643744,18.17929747086318,72.44812571576534,5.906493486507557,66.61385378919752,grapes
23.821787265311297,131.60921706257287,162.49788349174815,20.013817538948135,69.42808759122413,5.929034557253393,75.75586296712673,grapes
26.89572899967377,128.48324615413804,164.73268771197297,21.803567174866632,68.94625324349728,6.377153809114487,66.40546823744928,grapes
25.538687121318716,129.92940739008026,170.22857953370965,19.096786879040554,73.39993980867463,6.615621860839903,83.90152836679238,grapes
27.231705621143462,135.2241001553487,160.0375769522969,19.284959892553346,74.99234832630881,6.292648940330687,95.45873032401128,grapes
25.32984067644288,133.68603482357994,173.12115988315173,19.675973067035994,67.7518126572557,6.474843332432997,78.62955790248996,grapes
20.00980776297027,128.38751232876143,158.97380261367192,20.85924218508148,69.20986997365608,5.800944386318809,70.23790210903842,grapes
28.026380617726396,134.8320447942762,163.4458592495787,19.28356204496814,71.0527992293641,6.137602383509244,55.997562521290064,grapes
24.73695123262628,133.56706353990324,160.72414501405794,19.19987456312525,71.45979699324583,5.828361743392767,62.36651914093244,grapes
27.368548232064438,129.72218015122164,174.8456714859122,17.981907104963465,68.43290092227612,6.425592465601448,86.66146373270352,grapes
27.07073943060657,133.3341944522097,162.73492487018783,19.142418333234318,75.65056189103213,5.901872951517472,67.28106117546695,grapes
22.680110556965975,133.55571149677644,162.7462147956216,21.766192629402997,71.26628579663551,5.962490759642654,72.21873838735115,grapes
22.25561378447411,132.2251328703399,163.33163067027036,20.136389012717714,71.59415022541165,6.365655671116316,79.91494480934384,grapes
26.966065304347012,139.17001574149174,165.43021263552276,18.890218234628126,75.27665224453526,6.488910479203989,86.11717349521345,grapes
24.09025291176846,126.43694297058009,163.5220119949297,21.854215959093402,68.65281512426623,6.2142321756484264,73.50309809127121,grapes
27.80928783839949,126.06390454180062,164.4020093791992,19.12217974690972,69.73470437067317,6.3782888134244144,71.96499847750474,grapes
24.46539717141093,135.0147860300209,150.0,22.1299333692237,66.24003331293511,6.371002337546446,75.53715771383013,grapes
28.070229332344866,135.43257235226537,165.25721926200822,22.105410466850152,69.48294858323926,6.2015289566254435,70.29271637520587,grapes
26.269913452627303,136.81896811208537,165.0801297966899,20.084017439562004,65.53321742819391,6.003691266350594,70.69635597530284,grapes
25.863924981142446,132.57461921274407,169.67355958835577,17.75217570894247,72.24354806257952,6.377100566549045,78.08910088150405,grapes
23.877966403779176,130.8693428770845,170.8907742672573,23.43425092301863,71.25999025020998,6.387946530424394,76.38968638375864,grapes
25.69728284218455,134.96707740287275,164.15531372373692,20.58091408439682,69.16879207888438,6.451155490695308,90.98703979918938,grapes
28.57855814485813,133.01289839093403,168.6730308675328,19.514169462919114,69.69872887654645,6.320214945417752,78.29136612476572,grapes
24.837353624010042,141.97982132095063,160.04294048799838,21.434191872162582,72.28439924556697,5.987087519467152,83.6335916107037,grapes
26.593523331051568,133.54097737533664,168.45304054213247,21.05345418053202,66.59261173933031,6.405326536308065,66.96536117457651,grapes
25.13908022874912,134.76066681727315,162.4238589038944,21.96640752482966,70.61250360235756,6.249689256948623,78.93867967522704,grapes
25.373812128236267,146.13938162819073,159.66886139341474,19.006478316980157,72.09852941937623,6.141384075027248,69.57763990049206,grapes
30.170232270814896,134.1235789797119,164.16485094808178,20.47771011916159,64.65317776777827,6.183706936631415,77.96589947472418,grapes
28.605190093118654,137.5027058933959,171.30212601239,18.221194654632594,72.05481401710605,6.094692134862164,80.16385948586131,grapes
25.238211445587154,137.90839245023858,165.8145249152888,20.99950159361185,64.9778126102153,6.449989850242247,75.37401633001106,grapes
25.643362263808104,138.29130739673195,171.7341966645527,19.96558194555922,69.6472165484454,5.930924184944495,93.05494291106095,grapes
22.894388489347094,136.30269269435064,161.63070278782888,20.42151388323022,66.50982668771432,6.026465664668556,85.7098482683134,grapes
24.48108536120514,135.8722835748473,169.71532997046594,19.780475414239294,74.29373973787004,6.176026100948869,83.82933999621822,grapes
25.928193362645846,135.45150430426702,162.06527983243376,19.623516769117458,66.52863683754296,6.6130939408537746,80.7321464427751,grapes
27.551840768707383,132.40802743994803,166.0139790217014,18.697653238977928,65.04943032410385,6.4872131235458905,88.22520613297533,grapes
27.247662690732756,136.4648346127767,165.97507272896738,21.18564532202635,70.40005642478894,5.880810819269374,64.22273026898088,grapes
21.67222283228647,144.12890626841067,167.97671280265877,22.234556055112158,68.75889105993753,6.554053094969309,85.27712338492933,grapes
27.930948192035896,140.44806859033602,166.12833278960096,19.164997461634872,65.4861843140082,6.553619548821329,67.56566766000358,grapes
24.73367896186734,136.36763110001087,161.6736695798018,20.830310757456644,71.57744559746455,5.985848126644905,70.76745660699953,grapes
22.039025932967387,138.85123409147695,168.96138128441655,20.648275436990364,64.02550281265096,5.6826718891158,79.21044333046251,grapes
29.009154212295766,131.08870841071206,172.79245467446427,20.01214671702329,66.89127708225062,6.233750134971871,84.24915124133042,grapes
29.38983699021386,133.82769530610128,162.37288459984748,17.710106399952924,68.27434518873764,6.50254549209246,66.34817526238528,grapes
25.79124094702198,139.26532429882826,156.74145565599736,18.047603973334112,72.40666717646542,6.6080339432050454,71.15591341741701,grapes
27.126380805715705,141.69225237056187,167.24693805759205,18.828527073272646,73.88640510103946,6.054063865518719,75.73149054375983,grapes
27.302347626233296,131.5311022255708,163.50968822676532,16.791492914642102,73.30834674198272,6.6441952985491675,73.60225496478215,grapes
29.187316458436754,132.8238526075958,164.41003714820116,22.11204609485842,69.5401786286133,5.748715210941242,81.40524045926391,grapes
27.184205576295174,144.81619107245342,167.50279990078954,20.55155484376957,62.71807526561453,6.1671886118884105,100.0,grapes
21.016935167684295,135.43317562396038,162.9462340657848,19.95505842740132,71.17255906365567,6.156127599426457,78.1449053139441,grapes
31.02942324691338,143.2051288771517,163.79016612895347,16.714646271098257,74.41172121767384,6.509275830607968,69.48602671378264,grapes
28.19697066844013,135.93085792774107,164.54946217378537,17.2641937174694,73.7013712234407,6.54211805483645,65.27618752020753,grapes
23.471427384181705,136.10781127046445,171.61389272093257,19.996487917719563,71.38884702923116,6.464700322472514,72.56059564810796,grapes
21.91112478292777,133.62529100553047,165.13531321851113,22.955734948225967,66.43149170698464,5.946126239032174,67.94812585478408,grapes
26.514440291212253,139.24149813679603,159.4394688863327,18.952033706190377,68.42407898911476,6.444089282154757,78.50662343981567,grapes
24.16521988489726,141.109998976368,159.618546834865,21.295697021618658,75.80144319623702,6.364534442933536,78.3901622683817,grapes
25.989986061996877,130.3424899643661,165.62653464746822,19.28014638848756,65.7498113960076,5.873972263312092,71.52623846606282,grapes
27.23022052383479,133.41397251500803,159.91757399689058,20.0828588889333,66.55647631554885,5.78492188851962,89.88716260337837,grapes
23.300674336009614,139.117853359684,157.96963430884128,21.822025773339398,72.82765465349586,6.483547590254674,69.48414510570079,grapes
21.651676021946987,134.41703112997052,167.85991195920306,19.481072554750185,68.70652226558342,6.20947765727967,74.10426699076369,grapes
26.157455403615934,132.77976539160056,168.0802428129089,18.9648426379218,66.45473463338614,5.960834029197653,79.79371999417363,grapes
23.399836434169078,139.54293969241232,163.34338559747766,22.127105831187144,74.58391353616905,6.203161316040527,81.69041170327371,grapes
25.438287357197193,139.9655394212063,166.3214668101827,20.068336731670392,71.38316793443542,6.331909243250471,84.58182391157399,grapes
20.970020689113205,132.97661059197537,165.84654739887975,21.636807635879244,68.85459650686846,6.231358496499802,78.2137235924493,grapes
24.243451826576088,135.95564937594577,167.71088723686088,18.97212665992297,66.56267549230145,5.900803115546631,82.88184525590998,grapes
27.14485567311999,129.56186341843096,167.7213745677291,22.110011313441465,76.14221969157981,6.674250303301925,70.01168870979046,grapes
26.817797522940392,130.97033590284585,153.27395135612747,20.410440911801917,69.92664454376018,6.4759490430222755,81.88561470262786,grapes
22.634926087380194,135.55874354460022,163.91775468682923,20.65218143932199,74.19198418740848,6.174540073373469,81.785468626173,grapes
21.495206892045847,135.1413305441093,167.3305688468016,20.197443967143762,72.68090063382832,6.183603702421985,86.34665006065151,grapes
25.047291069255376,130.64905758721216,163.15294534032444,19.241787527005247,68.4372953150103,6.3308846638104646,62.48673005828593,grapes
26.683098391058227,131.77811733873492,165.16291187666923,19.997475784257542,68.46117665503066,5.995835185958425,68.19612663299199,grapes
26.215525420577652,130.2073003352,168.37814991755135,19.33611464301595,74.33894469380176,6.322602198220818,81.17355727025476,grapes
23.46352046691607,137.04776935610946,165.36416354963472,21.43931909396718,74.38755199785993,5.950585201706327,55.11476640088952,grapes
25.89347332745981,126.14562361488645,171.7856373775569,19.695414249397007,64.3692520716378,6.234129801209837,78.69004630341263,grapes
29.507066413827985,130.44790246697912,170.07143813526505,17.755239158309152,71.64934078294658,5.987071412532207,82.94853318698526,grapes
25.615434061927083,126.61676303475456,164.46646131162854,17.480864397516076,69.63635558582914,5.998431103976489,70.6771856433717,grapes
20.10055619254414,136.8855927173609,164.1087922317385,17.409922771519362,66.90003051118448,6.620287588064097,71.77357499916066,grapes
25.609601014301926,126.88769902475384,152.17354152659385,20.92695613633091,70.78523828415159,6.263325826214024,66.94396989570072,grapes
31.131870913637826,135.14278139340993,163.53074011399264,18.272743532939835,65.95120962704081,6.296666459215262,71.08839660201447,grapes
21.137827560653214,142.3778580708634,158.91028998280262,20.45012866375785,68.6006339360617,5.797439531256702,71.30573623528682,grapes
25.089173985487065,142.53045291571905,165.9955329390028,20.20486177623712,67.6045788016901,6.1156746043327646,69.8786904415086,grapes
24.320993700903596,126.8734159386953,165.68791820004,19.902937107635335,68.50062620753201,6.3537727267084785,69.46741366661627,grapes
25.28764887782519,136.3428432073393,168.1313509021205,20.657607805073553,69.78556451901403,6.293680659838189,72.96746411333704,grapes
25.582756459461315,130.54962916628796,171.28501712376686,20.237455305635788,66.95330001428354,5.765343290195417,72.87671763257909,grapes
28.419915958188774,129.63088783930385,164.88178756647613,15.935405385828576,74.7195370866199,6.296606031247843,89.05598924895793,grapes
25.25434985920243,134.48938520524467,175.2618734036544,19.514562138727264,71.47984970018237,6.33247573079868,72.04361142662242,grapes
28.83177867163614,140.52731020619908,166.04603150348956,20.637654701095148,75.38368908514616,6.538846449594708,77.58112662143894,grapes
24.647033023640553,137.6984649339916,159.10402622827516,22.4604242161325,69.51976009276594,6.102572998238873,70.67337775142774,grapes
23.9495896780761,131.78186582182704,162.47067656200446,22.529686424873745,68.35363011310868,5.745534537969474,70.57803168118907,grapes
22.99245105088418,138.17265298834502,163.3226398486148,17.955274229622116,75.27524684347908,6.02572658084384,62.21722096700533,grapes
19.548738912639543,124.90331250653244,167.6645721801902,19.47541205103084,68.26582078037805,6.0031603662545745,63.2147531414168,grapes
25.82734423577752,131.61174390705042,160.73737544896815,17.650827779438004,69.46512393403263,6.415759497500495,65.9475129026025,grapes
31.16200086541553,131.29248804884438,163.65910852735772,22.279827612665123,72.16014223149195,5.638734267611054,76.37772626070053,grapes
26.374706431857582,135.3524431128252,164.2753187364176,21.519284312222826,66.28682257510816,6.14911979648366,83.07130241463439,grapes
27.060242062485038,134.08727416353,162.98345636555004,20.52588183029476,72.13388405438096,6.570803981554882,61.600016048283614,grapes
23.760906024956636,134.36338007871052,168.65136921755874,20.249142291890315,71.7500411984938,6.251622804137567,70.88192398988387,grapes
24.26699982617899,134.21376211452238,167.88594624809411,22.07094665052421,73.8079759541135,6.451671283639695,64.74831967987238,grapes
27.953924464999787,135.1008325844509,170.24955210796782,21.816987792140207,72.67013350903042,5.880595374951005,73.01792179399838,grapes
31.02608092086946,137.430589351312,163.5103866849996,21.737067044984183,73.8999350586327,5.889552359528578,83.06827120280363,grapes
29.46384380739046,135.67198961746072,170.41137405441555,20.68501978967339,69.66873429847477,6.573379553015178,71.64838198794018,grapes
27.415733889184065,133.7204168252795,158.8620131131033,19.476157550728757,67.41198904387882,6.272773457295382,74.64362270850228,grapes
81.54852778376541,25.770276040113753,19.658388342814156,26.983339650842368,68.93778040847575,6.493647059276433,89.42643246827924,watermelon
77.06055418728559,22.118788804009444,17.170864415777213,29.06086762112836,72.73469622962588,6.598532526686059,109.77482852002834,watermelon
71.57958664882439,24.072053193836467,21.155923012138757,27.358564676724047,71.33622419150889,6.62542971735213,101.22796507071169,watermelon
75.71511878626076,30.410407983867415,19.801964425264302,28.784811568179204,80.47721426063129,6.51623264024458,94.6591587745867,watermelon
71.2760294486897,23.599934356820544,18.112642417563805,26.404973041839916,74.96905602215955,6.643375035962133,100.69564454752921,watermelon
76.892169057312,24.14188761328866,20.125997261432275,25.83180219741493,77.8002564125495,6.609684560282036,97.74327606905652,watermelon
77.31903069332742,22.17241219831691,19.611408842187824,27.72521802525634,74.14490726234824,6.666942534453839,98.737524142644,watermelon
68.84778134775696,28.43856813299459,19.538935794447493,26.117790594354886,74.46099753515806,6.647645398321634,92.8278537325089,watermelon
75.78817237823598,15.21019989242792,18.762220550267603,29.82192269531854,74.90211893247327,6.735496729416088,87.63332067067259,watermelon
74.47092033901836,23.671608035405136,16.085154383319086,26.164235811406,78.31961795577735,6.474546025015062,91.48175324039343,watermelon
77.4510482872745,24.862341717593623,20.224296247684617,26.754775974795162,75.9348742670238,6.300941293645773,77.32697773154366,watermelon
78.74106172958611,23.016768010447258,17.591856878835756,28.496343862569532,71.82799846957,6.599557811552813,103.84045749159257,watermelon
77.14852321856073,27.590636523193503,16.939013397067797,27.29636325992559,79.86754241425925,6.617082978398416,82.03077829215746,watermelon
73.63562990979112,28.606081851911423,19.277900467692177,26.177934436158875,74.12155350304106,6.735499309007171,92.71470592002515,watermelon
79.199985093888,20.763881461361457,22.202079632516536,30.44795699208635,73.63343962837006,6.692193553425456,101.80447293555085,watermelon
71.07121750660387,31.280459961312413,20.556840523072943,26.798039436208512,66.51148409325289,6.791820868379685,103.81366552954907,watermelon
69.05765102983726,20.730223526939454,18.406573374927234,27.76449063100414,76.90319877348401,6.59297809704898,76.36615466320899,watermelon
60.6212099194764,28.865892045027525,18.285961826396427,27.748968975872764,75.30303791898565,6.534321588790794,94.03559521013668,watermelon
74.6843657171828,25.449483095607082,21.907439786566304,28.852370982359894,75.2997769698057,6.292252531801138,99.82731934421263,watermelon
71.30304102227954,23.488896708658555,12.809792691658279,28.55482295280527,73.79152598666755,6.546214480177112,95.54616914725443,watermelon
76.78989514233908,23.771899210972492,22.392094967598442,27.007838754722794,73.27434647960165,6.417124496469302,109.11278705557221,watermelon
66.12947672680035,24.899461628019058,14.377952675208983,27.609007339068032,73.89125871950871,6.5317265020148705,86.37102755089667,watermelon
72.08769652095225,25.625253585591345,15.753776275031058,27.72769307974982,76.38948261338184,6.508176977946448,73.48506813300294,watermelon
77.11621457639018,22.239536945885423,18.457202506210322,28.898751397838275,76.91735331910006,6.570760038327521,103.50842317606947,watermelon
70.3657373414296,24.29818012696483,26.510372428792536,26.598013702169677,74.30690523487621,6.485400393569224,89.36059574400588,watermelon
76.84165536875788,22.687981531217215,25.0322580800428,30.421732668106937,77.84681248295027,6.640253028609887,76.53532372534703,watermelon
72.49339832219381,21.35485141877838,22.119463267391406,27.088979935048666,74.76307745694757,6.091526853068741,93.33561989905202,watermelon
74.85236260599001,22.548064892626307,21.06962713488635,27.98950072389209,73.48732074562903,6.528499036273677,107.92085874728286,watermelon
77.67821102887585,21.55007610191368,14.413169095962576,26.60801267236811,75.59524672472209,6.680373466872885,81.73584751296667,watermelon
79.28758660401891,23.739535261748443,20.470274488642097,26.44220918603126,70.92184074451842,6.780507276268432,119.5279575164463,watermelon
75.41621585094273,26.297424716405246,18.352335444320087,26.950685909106852,75.69815492723775,6.60979420075776,86.20224325736505,watermelon
71.33695367304564,25.362131062533887,17.549991999131834,26.835372138802892,70.37345368342089,6.752732453387381,95.91361396832038,watermelon
72.93882511929158,30.923034329981952,20.464409269923976,27.502891571014203,71.91681912004871,6.525340399363811,82.19910961260011,watermelon
77.86629913389132,18.36864095884025,18.586669971659905,26.82524196548351,68.94392577985013,6.50042938638906,95.43690866130815,watermelon
70.40435887432827,26.408022898642564,22.60789863790655,28.834662905553053,74.4746491419855,6.579412346484163,93.5956478715339,watermelon
74.19870031511907,25.019260715573058,14.192135697161998,27.06041932561795,79.82890110692728,6.49952085756634,79.36031402552358,watermelon
73.26352155737337,27.447011027115902,20.225034267037945,26.9274214078577,74.64877001675569,6.382646379797396,124.67118317398456,watermelon
74.53487197506466,27.149395612931226,17.36270832945787,27.52843736305928,76.93075613829939,6.4227139633802155,89.7989597253037,watermelon
70.4582286183778,24.50502474959447,18.77109251325292,29.191406654435553,82.05694169193717,6.333177064088576,89.8081431482867,watermelon
66.6662504150455,25.517953854570266,20.913879258437724,28.257851408332478,76.21216754436028,6.579256564229786,105.17487673321337,watermelon
77.3433417718184,22.767792361244545,16.6480764121698,27.880372564135037,72.70436386623594,6.501708771875071,114.04967627515892,watermelon
79.33859140569892,26.841039938063364,20.492696417937395,26.280346276037584,73.11729419179248,6.445957082486285,106.82758711404519,watermelon
66.9352126912583,19.363371843631896,19.362985384372205,26.628749848163547,75.00197462466902,6.4149974364744065,82.38760870822084,watermelon
76.66016772416798,27.33047931594795,18.018239404469334,26.46590807195245,73.10131606421723,6.575758451929944,97.24604459969396,watermelon
79.8743231168033,24.93047966729167,18.588282541967242,29.568221468406815,73.32573900055971,6.6170672270915105,75.24558893495755,watermelon
77.68159971043046,23.538813886506734,19.53634432643922,28.636675747757977,77.95576172777847,6.330422900524223,104.46790335388474,watermelon
73.1249841959577,24.30240040165982,17.696490462310365,26.96605538929097,78.07846884231664,6.306847299533658,77.83052454543015,watermelon
70.75426633612159,24.522411296234857,20.021283425976833,27.322754027409214,70.059322553854,6.6431764933431525,86.56638610210301,watermelon
75.36440135707495,28.891911281441505,19.165470135001772,27.0096517885152,72.54549144629934,6.2937300142267105,94.96638420767124,watermelon
76.11503276481096,34.700480989745536,18.16615238879912,26.93696654034315,73.60798683925982,6.582123025073373,99.67256889198063,watermelon
75.43113380020155,28.659612472451148,24.76952670170895,28.552361237459415,76.79726683849576,6.742536379813102,92.26018645434915,watermelon
74.18939416447095,23.304022642330732,21.245719767684864,27.654956535058822,78.42922676551697,6.74288522050897,110.95037860569526,watermelon
70.1280672414476,26.889345472855837,18.851863302131136,30.497401293156955,83.10590380282166,6.610680888594814,102.59401561301894,watermelon
76.90209731088983,27.01998749817245,20.437581292474125,29.500431789420396,73.60298011115202,6.606321427298318,101.76960991767419,watermelon
77.11884522486086,22.22451783265834,16.919539589679477,29.571376408560067,73.75281385697392,6.837786117529468,82.09129052916103,watermelon
75.90369956457752,21.217602108337957,18.68968517966425,28.80562836993775,76.76571004691314,6.149840650565935,112.84336292422672,watermelon
75.49947140282066,24.810157213249635,19.039767648685256,27.492809115391374,72.95334984313543,6.430349648587905,86.56781598507563,watermelon
82.55662269485748,27.423122808104303,16.25961827027035,28.717349061435502,74.57711441552844,6.6272737773614905,113.2441955463645,watermelon
72.19029546941972,20.164575197195713,21.162062143983253,27.58140076656561,73.75488567364937,6.4494069488237065,116.2330480977185,watermelon
80.76645793855495,22.83730639703678,18.483161892161522,29.956331260874034,67.13503823428746,6.685966746291055,100.38289358981964,watermelon
71.69688988850173,26.71795512697122,18.93359999765779,28.485135259659906,75.36969969045464,6.494096890953471,105.83613752563392,watermelon
79.99027757830393,25.12517083981174,18.293840422629934,28.31483243032362,74.45291712209163,6.519761579050639,62.629342487902875,watermelon
80.55015397536245,29.248820861796986,28.877271771929298,28.152487194915413,78.8136931507707,6.458798800363109,92.95247463735103,watermelon
73.68126958469153,20.76589763777097,18.012154549477962,30.08831971283303,75.01647122260907,6.421623356178791,106.57273921915517,watermelon
82.47433374327375,32.05649480034837,13.793969138342517,26.27949959939586,71.23575756505748,6.417933505527852,104.70735781729789,watermelon
77.1106614903574,20.38602266929126,15.200204087123494,30.205945393202473,74.22570338106144,6.540674944525517,82.19290494995128,watermelon
71.05227401486745,18.91250884351522,22.277907868086306,27.776615431055035,68.72675147059012,6.38381525512657,91.91591858138733,watermelon
73.31629532524856,24.82326166150808,24.00935807504939,26.312621229021218,71.36724649440107,6.642980732523693,68.36816219538795,watermelon
80.09743037747994,21.59662321526197,17.95460842588144,27.09734832202833,76.906517904459,6.597983888690424,99.3364248218139,watermelon
79.15379115844492,24.883733007865363,23.83684900890639,26.0190312847317,74.257978680139,6.664912466145476,75.22505178711835,watermelon
70.2388181937932,24.778819363136,22.22476999952763,28.784388094702766,77.7675247184942,6.33066134660105,106.8700173492695,watermelon
74.37334209514276,24.412677363677705,19.431559607041734,26.754048459584176,69.09932324736586,6.245078517982034,107.4186110375328,watermelon
75.91585342249431,22.472766903409664,19.218661148688394,28.20240119944564,74.27261580802875,6.499372136655236,90.01914844873177,watermelon
72.71577934915976,26.297968457739074,20.54261067924696,29.36106043619902,73.57346250483664,6.934820092033928,100.47339726976793,watermelon
85.61009875518624,24.047988655698493,22.632367466460924,27.193579685720636,77.86754574783961,6.689931316714185,92.72046339736465,watermelon
76.05148684532396,28.31099461226429,21.191883696785066,27.67827556837073,77.01828830449986,6.416833053723993,97.54003814765609,watermelon
74.72184514093628,24.45888324241508,17.96957509460391,26.43596006810078,76.92675645026489,6.5636768201647016,82.95377605594693,watermelon
80.3588296991614,22.10605773140023,19.477378858921067,27.533971469258564,79.6242301142523,6.609138036116552,101.53617254401905,watermelon
73.35653909322524,19.936868344469843,25.94379036416577,31.088828350328047,73.8957386721403,6.2947417638900705,77.76755508264363,watermelon
79.53342424777796,24.483671705654885,20.753641391888575,28.93351979693253,79.00524250590216,6.70544388035519,75.78573329554149,watermelon
67.49520421987657,21.192386285912132,22.607976280647847,27.682323497327673,71.8673815473608,6.474886380976859,93.71975267499658,watermelon
72.95855679189495,20.950114437985665,21.619654961747695,27.265974356581943,71.75736675070291,6.486397873308821,92.78194556408157,watermelon
79.7208168826976,26.58237192744096,20.820073231993106,27.94883992521228,77.25823971449502,6.503567698915078,97.85916817079338,watermelon
82.06588974265352,19.666989816509826,20.326096700045206,28.15606090263237,70.48577778477359,6.671681020896184,88.18017135251854,watermelon
71.52016929147302,29.236580134998736,22.69217187597494,27.497116351425092,76.71829688525688,6.386722676269788,114.79976249074869,watermelon
70.99580263701608,25.479149153186622,22.15592670593205,28.636071034925354,75.30393958116397,6.243954499282332,96.68635238848414,watermelon
77.55350893666707,24.86847210692512,20.791680434034646,26.85586301192751,78.21555818596462,6.548443293935007,97.44525867442037,watermelon
72.19634747287029,21.89570217834824,17.918712423356336,26.849934790018878,74.82166810513533,6.193451287074031,97.07095571277398,watermelon
73.79139937010072,27.293116889028813,21.156676416645414,28.444234548460244,75.16814683888659,6.454834460729669,105.53055362395482,watermelon
78.94382261131722,24.991285199207812,19.79897619059575,26.597629895722722,76.52779497877472,6.678031143478822,101.04818285208688,watermelon
72.55154018273694,22.941710071777592,19.07523226596477,28.87482070343505,73.01205134982067,6.586864085526311,99.64118794693694,watermelon
66.15558411808941,25.599474089954768,28.036327924898202,27.98286326512368,72.88138107752934,6.6563534098587915,102.7278331010887,watermelon
69.14512003977353,19.951643633681858,15.382846076876517,25.806508937539345,76.42328831953026,6.593052704780424,75.84154631100449,watermelon
75.04480013574127,20.094018605352584,22.87553857717245,28.131398950673137,74.91213657260809,6.861550173317511,76.23809966884934,watermelon
66.61459583187202,21.639441744096764,17.411987167238507,25.977824050493208,73.77805824808716,6.411764055851478,94.20138317433484,watermelon
73.66277812216205,26.04858180282914,20.39358646803019,28.832034411586793,74.751647700907,6.559719751551248,92.92442423184002,watermelon
68.73556567690204,24.990225034581606,27.705762557270553,27.701542804899283,79.783678523515,6.434281929318103,101.08800336250619,watermelon
82.37972553089519,28.14693779666726,17.11289301552781,30.221301059808184,73.67094477978033,6.643520190487231,95.2101774729268,watermelon
84.74314167644553,22.24003044349427,17.82838203551821,29.285575413247127,73.58394116015396,6.4907637685924255,101.10958181176922,watermelon
70.23811303946069,26.724003521444025,19.947458788545198,26.72716899252181,69.87766732601251,6.757826731916607,81.9212496696065,watermelon
54.951649433160874,62.533676127141824,40.52883110718456,27.916004009892955,71.56678856385032,6.5993310708830455,53.22200696479486,muskmelon
48.96524467918997,68.43843365872111,42.69737045199734,27.76843933988509,78.11038629750063,6.688846624335815,57.01312836334295,muskmelon
56.740860704671306,71.53565634407968,35.58318815249894,28.746871128134835,73.33799716234905,6.296592918689807,62.97455244835224,muskmelon
46.547717309365055,68.85392675699882,39.14410551283735,26.93655669096106,67.75916301447579,6.410398247910503,54.17552459245008,muskmelon
56.56739544343396,67.13619128419784,42.48745988613736,29.353475412593372,80.29606846948087,6.446320625440512,61.94851614083971,muskmelon
48.389502785962996,62.06852485074435,40.19680044502778,26.71363547652223,72.59371403081218,6.619207554845997,62.19027278691837,muskmelon
53.27412493050192,67.2811153302436,44.40200143623244,29.194005108868677,74.2608808687559,6.420783419691725,74.8226284000002,muskmelon
59.02717461152162,72.12433097368626,35.27222992543925,27.378497907084377,79.92271951648294,6.4355401497578795,66.06900276718596,muskmelon
56.02320994869288,62.87206094422792,34.9299946961616,28.54244791114389,74.57477371743708,6.2882011134274665,72.72072182047908,muskmelon
47.594528993240644,66.58219809823773,42.30905954986815,29.725448478958832,74.50999019339442,6.572511097395989,67.26256039107288,muskmelon
51.974227698876895,66.04693225440614,42.597421644798324,31.764845220651623,71.3154808663484,6.475790138810517,60.98249546575951,muskmelon
48.24379663535439,64.88360786010846,39.4202499795045,27.706399375062613,70.0954989011173,6.401893244753061,66.00287605809883,muskmelon
47.37358675177663,68.42971126694627,41.20118320013717,28.81961906068833,74.50084120621162,6.461073016327686,70.4706975044913,muskmelon
55.52948429260289,69.16239465471003,42.23562093289422,28.13148959026935,76.08842932222468,6.66904932528969,73.95050994831935,muskmelon
57.52134254602046,69.12310089297539,37.55841038244476,27.956155612927045,75.91657622463232,6.349266963752023,64.00767452799175,muskmelon
56.9827266432206,63.83696338644328,37.8794548748521,28.142032004036547,73.55621675859236,6.373751055334461,52.64367017110292,muskmelon
57.71182066695888,61.32756114624869,40.56917853759591,29.988879770764328,75.06077339804082,6.6878378671198435,52.116483069335736,muskmelon
54.94640117101382,68.48395663699023,42.71226687968116,28.414332962923545,69.4883700140161,6.5113662242028285,62.55190542412335,muskmelon
53.76974401562514,65.60280359444006,36.502129220926044,31.699175237925026,76.38050106208644,6.600463114506788,47.465738741390204,muskmelon
50.17118802821958,74.39367142382545,39.40615710419494,29.499175107073683,75.48421753431013,6.560262786500853,78.46328349302622,muskmelon
53.019641477122754,74.56691136005605,39.26729010488668,27.78798720659111,80.92098268254857,6.494699817155908,69.476999235498,muskmelon
49.053932266032234,74.96508672898516,41.25387731512829,28.559953781425907,75.02243893928714,6.447755132127717,60.232497428770664,muskmelon
51.19675512792886,63.974584121119825,39.9739048899735,28.037783611952012,72.17199194356176,6.624733703372573,56.67764304493403,muskmelon
55.40017091697119,69.63513407528285,38.36234924859142,29.960082383536058,74.84783059773355,6.674350485171673,72.71089321982082,muskmelon
54.46987260606585,70.76607193969306,43.745697342272216,27.033464412121695,74.01660059995248,6.662628252052414,56.64772133261746,muskmelon
68.79127617052649,70.3438283757915,38.38222755513754,27.390858343477028,76.3041236063112,6.3221792549528475,57.36329927299211,muskmelon
48.94391981122747,66.17100770927303,39.12371091093564,28.29014465750103,75.08067618517556,6.69573665267665,59.25540544979981,muskmelon
54.43705575625698,72.29686838611997,35.22550709224113,29.81953615176599,71.22015989684206,6.446309711870353,65.85565560930743,muskmelon
48.59320549958324,67.50178119887445,37.85912236946231,30.479672329787327,70.09277013541794,6.386745569368275,69.6559807936055,muskmelon
53.25496355813522,67.9803979685079,41.54822822901715,30.656650628927412,75.78872460789904,6.474600845484729,73.94504175061748,muskmelon
53.43808068048167,61.733124555835715,40.96180586906458,29.635761823937035,79.14934362320771,6.624669265287309,72.83728474210027,muskmelon
58.801960118049124,69.91786863589871,41.79855097019728,28.900532556370376,75.23804365215516,6.58106962760421,65.00580281926057,muskmelon
52.97650057351935,66.52345607410346,41.65294685783701,29.953550974776793,77.43989206176062,6.46169203822186,72.6539148031725,muskmelon
54.13906179974728,69.24292073287697,46.26314210888546,27.626599259081946,78.0384274626108,6.6256498800316965,59.9675028951773,muskmelon
53.06356916887501,68.38167637426731,37.75642351765927,26.786411333580528,75.800375537384,6.520979087113915,51.343504891535254,muskmelon
48.69526715174256,68.17851216248914,35.14172876969563,29.523965093223786,72.55652553641578,6.414054280169094,59.96651696217119,muskmelon
52.06553932693102,67.32857410324993,36.84834101178543,27.79318589942138,75.58592425513669,6.393794707556226,58.953046142927846,muskmelon
53.28128478212282,70.44974900497671,37.88904449250523,28.921631921401424,78.62121866280144,6.561535226663243,60.26009696150617,muskmelon
55.33221647532873,66.754152986681,37.077019190149265,29.143552419047378,76.58967164879974,6.487622339627659,57.804689530685835,muskmelon
57.51526279251171,62.043009677051316,40.28098254293456,29.297743471013955,77.24473602848597,6.293674226987955,61.54167816815216,muskmelon
53.944315706300365,69.63358352390225,43.75796471667106,30.125349846230062,73.61236127492452,6.627074223960426,69.65012910570184,muskmelon
53.86520681208394,64.46622928158135,44.61897721890974,29.99849022595008,74.39293872076355,6.427958745706337,77.86442826996928,muskmelon
47.25634078680826,62.53401808994197,41.51292550553981,29.234000080601227,74.6438180672989,6.738817947198319,52.05990144305733,muskmelon
57.42880532765358,63.666587496965256,46.42381664636205,28.469581663436713,74.84598599238961,6.289551502226793,55.34199029824442,muskmelon
51.86845950782482,68.56249642258845,38.930880830300744,29.129314506411585,78.50387494803708,6.4728937105414985,59.06415305953875,muskmelon
58.36205457203399,67.13805448839432,35.10244287399272,28.284547499990094,67.9584788149855,6.395003347334116,70.74306408077445,muskmelon
60.92397976534388,59.50243863872682,43.159534203664506,28.764285293592597,75.09161491374552,6.3536866219434,63.462894177702125,muskmelon
54.154382379881476,66.06129021355248,34.484216824752814,32.141808108296495,74.76151087291544,6.426981392486243,59.56918082672283,muskmelon
50.395099236553484,71.88461709365536,37.73499093190059,29.218627641060248,70.88549657566756,6.7655851413555474,70.37549755779067,muskmelon
54.924856241111655,65.80764123399983,41.56033669726839,29.540294020445057,77.01530164976239,6.521505525511926,72.17292699756477,muskmelon
56.569158991083874,66.87946292464653,39.692855559853655,28.153423221163564,72.82649942416522,6.381243794180386,64.85930030432277,muskmelon
53.58015999438975,71.41121788997683,39.42714171138548,30.224088099715843,73.92890205194053,6.225705738449389,58.87835580034592,muskmelon
52.461827157793046,70.48308471826701,36.45762990153998,29.91232690719611,80.54634572326214,6.241795618047847,67.02709675426544,muskmelon
57.53589494813836,71.33156657869392,39.96759283169999,29.920823065586102,78.02992094861716,6.4195305283821895,63.25048843660575,muskmelon
57.23910223612388,57.10292396229861,43.01098746621338,29.257869496104156,76.72346081743535,6.404946802379201,63.19240067160904,muskmelon
53.44169661852779,74.00071139415792,40.059903749608054,30.241028114920123,76.1423308039332,6.466392394064827,61.15699836048623,muskmelon
47.55670225632689,69.88650163285473,37.50932236107682,30.52602223596168,74.50595993266397,6.159172429934622,71.93737435491566,muskmelon
57.05370183420754,76.73053655259056,36.25738461820801,29.339718703219155,80.9981317961103,6.48624776074302,66.87410169745095,muskmelon
51.547027629513806,64.56627738459643,37.571216251133265,28.862465169199613,77.40650289432072,6.654159466272066,72.76775661417223,muskmelon
55.96453483916639,60.88706022881659,41.17700125724308,30.073485188137713,72.75135025810424,6.743426187104629,75.02244609108594,muskmelon
55.680207542555664,67.52706921271941,41.03080678707913,27.91504963212831,70.79969316534704,6.215833077812429,68.4423557664998,muskmelon
46.49973657830801,66.46735376341064,37.59847869821299,28.13844766326161,76.7005140059678,6.3797910861141265,61.20142163836136,muskmelon
55.36486757985208,69.95123993855557,33.36772173405382,28.93603958853812,74.83239261036466,6.371864920853819,72.80244674164838,muskmelon
57.31539636418505,71.53098129219883,41.26003829101649,26.910371517874225,70.7131854991615,6.521858214128848,68.49248526708766,muskmelon
57.86718586889719,67.17264695670188,37.306877803074244,29.99311432827611,76.28575849713475,6.317034129818532,84.5252583260573,muskmelon
55.528145879933405,66.59734482820228,42.06718743704585,27.84450333504101,74.19291851906544,6.752339487309002,67.32577166371014,muskmelon
46.102662802226845,69.46019932318548,37.73167107361675,28.43421077419789,76.59199477658241,6.506528370752861,70.23266029260563,muskmelon
60.74686477983987,66.53876750365313,37.03629863899057,28.744064485184275,76.32522064374272,6.481528056605118,67.17817918472024,muskmelon
56.84960200394161,66.22506712163705,40.45951572177875,29.04714418588466,73.17520793536848,6.738907060067417,64.25676056098911,muskmelon
49.58506301783285,71.38925602003232,47.07309769007911,28.58761606829235,76.89853429327262,6.497592856387498,63.05906337809325,muskmelon
51.455066319287766,72.2241669633884,42.247089973349716,28.91915474332358,73.5062847520953,6.5600455109748035,67.20682883493924,muskmelon
56.040508941825344,71.5648734144866,40.40865789761756,28.928446841131503,73.70135438045709,6.387380259006193,68.90881813860392,muskmelon
58.05902886984215,66.86913857727927,41.0765546091429,28.46356285084745,73.40318578013587,6.294424690241843,73.6579092473332,muskmelon
52.80416714643534,59.47579129592556,34.74665241554321,28.07216665083348,78.39292328341881,6.408445755274365,67.31637918727823,muskmelon
58.71486433320584,66.94422717602681,36.63297888774233,30.297768709226723,74.15828283583691,6.828046375841724,61.52833118431078,muskmelon
46.9325492690492,64.65757495246106,32.46721340485858,26.474713157279957,79.11732954169275,6.594953142243043,62.54859502550762,muskmelon
50.308934450077956,67.0135311787103,45.18962168372987,28.75314180918862,80.35045461056058,6.541180225566658,55.077972928226146,muskmelon
45.71036195571063,64.98340915230897,44.58215808746724,28.437320633738942,72.78384258943666,6.35354399147222,77.45910382679233,muskmelon
50.96167685708638,67.42222554200399,41.17845557864473,29.502549784071785,66.2370140559092,6.636687620147577,60.941197898593636,muskmelon
61.78634733044843,63.60271639038163,40.40534530925262,27.25484864417719,78.13352862981382,6.2963460088529315,72.2558034510343,muskmelon
64.26011005563431,62.69730961230608,35.34522999250726,28.400257590507675,73.97408430791958,6.264941532547643,67.07413143081901,muskmelon
56.05565710703699,72.08509305964084,39.342100119247924,28.87716831921229,72.40144076060403,6.416166931567753,67.27798873129555,muskmelon
52.1270685672915,63.8637839498713,45.37717563521168,30.28408833244455,73.2338456815411,6.793173636794217,64.11914093545748,muskmelon
54.00262044617075,67.50124359471133,40.39424799458714,29.398621960154507,73.75555853590191,6.7846841348588915,59.09150833529995,muskmelon
57.1300295087486,71.07943067476063,38.30606060136431,27.579814146957364,78.89157927208122,6.432314460762418,57.73598449631019,muskmelon
47.96658616762413,70.9286404733609,34.72578801998916,28.415027937535207,75.47973371795254,6.398870147270302,77.96349041603703,muskmelon
52.423753708084575,70.48068076843256,44.140917183192414,30.06326162319283,78.8507958903244,6.253945693916033,65.85470809127935,muskmelon
61.45701883502612,68.63574942938075,39.78974859691703,27.55907016089232,76.48266035783548,6.511704608828013,73.43950809640738,muskmelon
50.29430468802237,70.21501240701319,34.72979843991151,28.905626877953154,74.07230782814855,6.524301912798218,75.38680203233939,muskmelon
51.629387953323054,72.64908049727308,37.22720295378537,28.98905545696847,73.82892839037223,6.618433438129537,61.918648024255894,muskmelon
55.05937145191648,69.09383472748264,36.16738594792561,28.537060328095084,76.6848262522488,6.636606126998775,68.17629324445883,muskmelon
56.27414016777119,60.61049119944681,39.60476942286408,32.234902139358695,77.46127688799812,6.470386712350305,65.33758081618511,muskmelon
52.187481792102375,65.51800047693713,40.622016908838454,28.50472224866294,77.9903780571026,6.583404181213938,56.32089647737333,muskmelon
55.3463397246338,70.11138776895783,38.49034880716442,29.539718191241356,74.21538446587277,6.39490416982302,63.60890018071808,muskmelon
57.73572790182748,65.14839024858973,42.33113978946064,28.08043865573686,75.52561756921342,6.5805563800041025,69.4062994267942,muskmelon
63.82653320693641,73.57539802296992,40.236406721417325,29.633297590399284,76.75212122776598,6.423915188272316,61.25728058741856,muskmelon
54.43190029254349,67.26307564437589,43.18693715581639,30.044945116222323,73.84810492218942,6.568918777395041,62.563676034711044,muskmelon
54.81416208096747,67.81968289259788,38.92841776575784,28.294443155904684,71.5951798985917,6.5567751987928045,63.69974858460766,muskmelon
61.8735355569078,71.7177907458815,49.13597677603344,28.93435782173776,72.58118679989363,6.5103205438542595,80.83646998482577,muskmelon
52.52875363765857,66.81431288509015,38.30653382957813,27.925664276130952,74.27689367235604,6.619180957723903,51.244632971716705,muskmelon
26.504929897081777,109.91350738002598,192.13228989371152,16.03198180240098,82.98051965946246,6.166425572616582,134.6038500327763,apple
24.239982768243504,99.90544456981715,190.68359594920767,15.333319364288176,85.76452988632384,6.02673751787676,123.43828679694433,apple
23.0780352744927,105.9972852653219,190.41938454455095,15.378584918628958,81.4590703692157,6.2028087605917985,118.45777476545275,apple
24.166372878531202,103.36436248217404,199.4749258638145,15.324127507665525,83.50022702895728,6.280942408057549,125.18772354133822,apple
27.002128731500267,104.55614230229088,200.0821543040776,15.431436187110767,85.30727055672263,6.1923010936563125,131.14857708261542,apple
27.17357078206168,108.88983983700935,192.5833337999973,14.482665586852884,81.3976115755275,5.978169664150207,133.6303468815795,apple
25.55805136730426,109.3790664287306,185.38793902752295,15.68952454892176,86.29330517116814,6.059605675228143,131.54240020191642,apple
28.27822394936988,111.29299642672645,191.9635946703461,15.568951970017427,83.68585287326387,6.061098053065942,123.72765755055144,apple
28.80649898530173,106.91515612665721,197.46534380013148,15.09064395231599,83.0789374634848,5.985723428788513,133.26205351834375,apple
27.449127825851843,104.50492444159893,194.69974587457725,16.18605550756597,78.37922309520945,6.211140218413106,138.2391613033768,apple
23.361422646558342,103.86204688747327,195.81156486039916,16.28786737614179,82.54728827286564,6.23153185877715,134.24168403270917,apple
26.48332464763863,97.19360248922399,192.6449501177598,15.33202334284995,84.44756066117053,6.341005932173004,124.66386292078431,apple
26.49760197741571,111.02880770204372,199.56340106119393,15.827039019080495,87.95062979794629,5.982763642108678,116.24458872868694,apple
22.553105699060346,103.55145713796449,196.54436310789586,18.59034847228103,84.94811734298462,6.0373916561853855,115.99554199142487,apple
20.291683317837226,107.2765367700131,197.6390856256371,18.544519910322563,86.3718513910348,6.453141043126592,117.84721495228209,apple
18.931673135876334,108.05548436584095,195.71579557362006,14.735091771844317,80.41678333726405,6.117923306505781,127.69928958608676,apple
25.209566470336455,99.39608020927437,197.3596567362488,14.90266292009373,83.17660263608497,6.155875550704069,130.45793941233416,apple
25.894119144600754,100.84494123393165,197.06357259681434,14.728716067609604,86.6129034279386,6.115854774327849,110.14741066158768,apple
21.454655267042757,111.96158958174972,190.82366417338898,17.268464727966688,81.2362794464802,6.37094100965072,119.70805136218272,apple
28.13809699765409,106.30695982057595,196.67878392918809,15.521764840509167,85.9613177038814,6.378502692739431,127.55449738570664,apple
25.456654447889235,102.38736451065668,198.56178677375934,16.28760909231556,85.36996055473085,6.367075579614825,115.55336094397518,apple
29.048357844746057,104.43143844992605,200.1981365978768,18.39636079993706,84.20054530354705,6.155180684214722,129.55599360712586,apple
26.111607609950774,109.88806607174777,196.8724821672767,15.987442246827445,82.66180830590326,5.979874984389645,121.77200294537606,apple
21.800999284362547,109.20441515880437,190.6563726657081,16.847498466108785,80.98494735584029,6.5254165501630546,117.40408714747281,apple
26.374843639870445,98.40263206992161,191.34907201691698,16.62450489916047,88.02721719996345,6.316980250506326,125.55865704071343,apple
27.010332084616305,112.35427729652352,193.0418336343618,15.29413917796486,85.11124942019627,6.0609514986284845,129.11894346058057,apple
23.35712924233898,109.34766613949405,195.85258758661436,17.27099407809023,84.3685711179224,6.42764467515416,116.09044640016576,apple
20.673721008070373,104.31386137796287,194.44993754411584,14.980359029079777,82.44723314208426,6.045556261524477,122.4525700119525,apple
25.300888192919817,99.63724900610976,189.9432057046609,17.607855743733012,83.59657265545444,6.4250871636217886,129.91062296172464,apple
21.997466094051447,109.74303888027417,189.91625984558226,15.295058841749057,83.92002903842358,6.4382654949299765,116.99805307517394,apple
28.362662989183395,107.14392375132579,185.55665201291993,15.426438735356687,84.51968299607061,5.970310859522194,107.59355317554903,apple
23.778469958720223,98.43990729865006,180.96236284259396,14.69381461164785,85.37256773560343,6.263442869089087,108.86597462025757,apple
30.173803319479894,103.9556486608873,194.40698179670284,14.890888707020023,81.50469760906951,6.302527187272459,120.61046592740182,apple
18.627523997443493,119.06777824256619,205.44103668814284,15.487882813205758,79.76017773800814,6.659907293919335,111.15660809879604,apple
25.404386812435444,105.0742579083649,203.08550785706143,13.082381730507265,83.71491617074741,6.005251282061399,121.34892010064942,apple
29.288177920303962,101.66113232548955,190.59795864544662,15.720001190589285,79.04459578982186,6.429345939013797,142.48189993731313,apple
22.32908705233811,100.46176518612012,195.67456483825774,15.39043091531018,82.67466446276623,6.153382473516543,110.52471692926885,apple
24.522397193118895,112.97444542543239,188.40939220477426,16.948013318334198,82.20156593321501,5.907933984201789,122.03264905948414,apple
23.790892856907867,108.8149177030996,189.09550711113846,16.50757688602819,84.75395789011425,6.1266025018823145,147.38919781984953,apple
22.94869707354315,111.33347601262753,189.61137331066328,15.150835082680844,88.55562244049008,6.150480628414443,129.28536587124495,apple
25.733867923342842,106.11683377841472,193.98525592001175,15.449739088688911,78.54129390904592,5.943516412342519,121.1389054815062,apple
21.11373519700269,110.64308655899754,194.17893175404612,15.718458353774922,89.29917182731192,6.2108738556760485,123.35273233754799,apple
24.667093656009325,101.18255824703441,196.13715886863088,17.783147865371017,82.90565834424649,6.336772804822224,129.50830633812942,apple
26.54798271305372,105.73165941411776,197.98447375366928,15.01323438345227,84.38691213954007,6.196449127542093,142.80560527158812,apple
24.35471886584007,106.29174081737732,193.48403584472177,15.136287202059215,79.89217799805952,6.044340402570924,119.42603712148895,apple
21.99938740004267,111.2210111934385,195.16290886798183,14.64569901805942,86.04202250407712,6.121047946660642,117.04509202967303,apple
28.090556195804506,106.43479368063205,190.07784371989405,14.221552624676578,83.6057549676969,6.149114045425278,110.5225083058076,apple
27.19077088485055,102.18519716218704,188.9497633908427,16.368404348350595,83.34325810146987,6.192377717358805,126.08250834135295,apple
21.876438486088777,105.28833227514168,188.2546244427826,16.243483997287854,78.55966795699747,6.366416998636806,110.24028261691191,apple
21.117677304932375,97.45614058892892,197.92161510507702,17.53931422340242,83.68818187531095,6.203028251910288,120.13028243937116,apple
22.144226752018525,94.5556407002838,193.4794146836029,17.249690809272316,85.65686222573227,5.876474157417207,115.4588238683413,apple
26.635819496461647,108.74103616548729,186.5799588172902,18.87654005743817,82.89748947951787,6.040347390962205,136.27829685745812,apple
25.82671869688764,103.31365251162146,194.71609971292375,15.911352678950685,86.49420833139258,6.182374104924844,119.66183793264854,apple
27.370248137337143,103.82362215458879,189.38030400696263,15.687364523444552,86.38888268832298,6.369204274566052,129.16776844405896,apple
24.021549345848154,108.73926005714976,202.47170468537837,14.439728385839969,81.86520677401084,6.403080056099628,108.1570339822701,apple
22.225797287499677,111.2865467327007,192.3953022528593,16.83589380097159,87.56754033993334,6.496063641609554,126.38082302175488,apple
27.756539465243495,107.40519579672413,198.06677693618605,16.142241089735606,83.61550215902896,6.175469807527965,112.36681678846213,apple
23.339654459646507,113.67632773598015,199.90033362323246,16.781519566012822,83.62685038950897,6.298845289222987,120.53069075073648,apple
25.559644167561935,107.26210110325775,190.7028219634933,14.63305093691392,83.75240211763696,5.8663800007914215,148.21762702969036,apple
20.350225482653876,106.35996058610998,195.3422120289962,16.42192502683204,83.67675516489987,6.233826906766489,134.78783096102927,apple
23.2905687270316,106.0817497012707,197.49060555624666,16.246239541544732,76.79315994052081,5.940323500215133,123.65166788027128,apple
28.02818896282454,99.21526997039872,195.51995777584548,16.166842047872425,83.02695868461622,6.137804856827824,158.58889005272357,apple
22.851176299990428,109.30199372538056,196.6249534168942,15.180080910171371,80.02193649726074,6.740818485830068,115.39066575108016,apple
27.443511464354497,93.99540290993122,189.0166677289838,17.427189578264077,87.64715604064997,6.209193076057134,137.2347720117913,apple
18.006940911435418,102.361862142259,197.49316298871537,18.460369094773615,87.54451162888905,5.981556422259836,108.90691820310529,apple
23.321825021070442,105.10318657755425,192.8122611262228,14.66758716844286,85.67244274776175,6.229518856161792,122.43881104469655,apple
24.485936062365603,101.44606954463987,196.57253050477863,16.86453277551155,82.89190803478583,6.049170338615077,110.84820762310412,apple
30.227620910027216,102.9670983461723,199.1399498049816,12.546579818391534,80.92956191166057,5.962654897934278,127.70139710845419,apple
21.492811359956644,113.27719004802253,198.00963828383223,16.80233193937895,81.8231684467472,6.560112209011148,125.58768766257694,apple
27.01297988634127,109.96810748601756,196.56923876470262,13.755814460149894,88.45373686138639,6.358028345122017,121.7695196085724,apple
28.17079534374638,101.91377543636968,197.88957733283033,15.370039182520891,81.7348966643741,6.217379641874171,136.46659876382623,apple
22.835531058267176,102.88695070062431,198.09784974249953,14.4243704058949,77.49323184631554,6.07359445840173,119.0454607834707,apple
23.879428153681932,99.2534822315167,201.72975522622767,15.741266206060725,86.12692204663776,6.0893960508204215,128.4319433519769,apple
25.42488632143571,108.17247203702762,194.84677185241753,17.006552438041393,87.32628293972563,6.45078396403461,133.61582687284906,apple
20.55554509842241,103.87615897315285,195.73780647049074,13.771224083527573,87.73100000227463,6.209782619844591,109.42617730659008,apple
23.63469036441593,96.15090088097453,199.1943006403925,15.568624372581233,86.14778741083579,5.548852997124982,117.14164941241897,apple
28.828336122839247,105.45352616314526,192.79325575606418,15.383957477420731,86.5638751769487,6.622083010553474,125.56554015681625,apple
26.56796443259326,106.97540497620821,188.99129637294905,17.89725842064625,83.63498188883653,6.185697159609596,131.61661090399735,apple
24.529746131550272,109.33413437928773,197.21953578562247,16.518113209420342,78.20544616009626,6.21695695611829,139.9229965421761,apple
25.33921708550945,104.66990342440451,194.07289341922825,14.587339464071892,83.57109665582503,6.361905488619786,122.73326211335683,apple
26.742716096589316,103.32297976746128,189.56612664719535,15.43444674516352,85.0850105696695,6.24075355132576,121.67705405217622,apple
27.31723044373034,113.93819106220288,197.25243868220926,17.86732508606264,83.15506135575606,6.295647180454778,115.83774168275653,apple
23.330757557862693,105.02963770244799,201.44009856763162,16.85723838012883,83.03886789721398,6.0673739238638404,128.46483296785885,apple
29.60416282983901,108.23802824219071,187.6661585416991,14.898119845113493,81.04149900050328,5.910189911826555,121.88026547617004,apple
28.949044603613984,102.57207160480684,199.60046247847416,15.679515353940292,80.94556620465633,6.204645392387274,122.12266124032996,apple
27.03177289105964,108.10459343236124,183.58319617914444,15.717869021910223,88.18727871265348,6.429164857193546,124.01417068817067,apple
22.471120402462326,98.44966953418155,193.19871016418318,15.354421687413033,88.27958324319437,6.023678501115293,130.79209465194856,apple
21.93932827968822,102.92069604426615,203.2823216050916,13.947745412413973,83.49324981532244,6.008035321010144,119.08082919161775,apple
24.02018861021022,99.56276592258276,193.5225417816921,15.186853941532037,84.21788519298697,6.388098755774088,116.8923400664565,apple
25.182295292933233,102.27762005158739,195.40472278119447,17.66703916703845,80.9988119545556,6.060837184997488,129.5331039544081,apple
19.694524403322845,110.62711518103981,198.432897903481,15.54262661552659,85.1385658673456,6.069940816802292,93.22988853023286,apple
26.484079400635768,102.24453349813336,187.27586918672705,15.876095643446897,87.98710538761621,6.0772368667754835,118.6613791765523,apple
28.862386791545415,108.23215256463338,195.3244266037789,16.16863077622429,79.60046151114103,6.137328708706857,112.91125025622267,apple
26.729422419492632,111.82769331925668,195.28895882382588,18.66176967365455,84.6829024142411,5.843140571299103,137.6342113416763,apple
22.971841591587296,104.87590208878507,203.38044437961932,16.010649725700354,84.87450671874485,6.044828678054383,120.37020599329958,apple
22.61678980779853,109.47195197275326,189.4391662605098,17.312734424300213,84.8453966129676,6.194921763732246,119.11248078969408,apple
25.899557032522235,107.38988681162404,193.28307307597444,15.282183793538564,87.6891850530136,6.193531397554092,124.48946390484062,apple
24.54008885398546,105.5239661876259,190.82239894129373,15.688720887397011,88.69184644103643,6.37580864525302,118.7485895011184,apple
26.329123522767723,108.37642015192618,190.3451468833888,16.01506326773234,82.90461662142471,6.508681483327988,120.77219433938788,apple
26.805164117816904,113.27972140496334,200.0733122717906,15.071040469780739,85.21659286399871,6.444934272099559,126.01965930944321,apple
28.733878696481195,47.39591778314592,11.911233290978897,25.113528805548953,83.75718815475616,6.615841788669439,114.79379089380205,orange
28.71234764318389,49.05735113127705,18.235267579267763,25.726338861629344,83.46071996052075,7.114672050474381,103.63711822957255,orange
26.969526978866075,46.19045438094337,14.656432840232663,24.85329061606877,80.62942281994452,6.502531249390519,108.14688114083376,orange
26.538648778438407,37.0736926243334,14.021594670885133,23.769489515885358,81.78963618965562,6.904438258329347,111.88742192914567,orange
30.181910692770842,41.26625120195564,16.386526868250634,25.566948363285285,81.9179131740537,6.867951364289351,117.60595924200531,orange
30.919801529357468,46.39461391754013,14.77090650170485,24.94186748496652,79.91655780957534,6.3947220080466955,115.09803553770291,orange
25.71553006864815,43.89084892429194,10.02584484949441,27.763374634711745,82.21426425698411,6.5630744257514415,117.20887848986472,orange
32.27982424614254,43.323474099215616,11.8157103018317,26.182672825438566,80.7426685361896,6.60089462378628,98.98930617551882,orange
32.292142919474244,41.69031970533141,18.173126111593845,24.106776570335498,84.97307285361083,6.8770314254962335,121.98478631289176,orange
32.92406741483587,47.84276870224362,15.251653043533748,26.093590328785563,85.18547621311541,6.6674171011656265,115.03586678208939,orange
30.899667254221793,46.36857791224293,9.955296592909676,25.46179875209647,80.20122023726829,6.730742293512569,141.80344506857662,orange
31.91124630086699,46.50357366872437,16.0563362001455,26.964139452918268,82.74358900116759,6.422029344678436,110.92983911314766,orange
36.555077533734966,43.09919325364483,13.322223540390754,24.21331868075644,88.23295269735759,7.273330136260945,118.39631419864841,orange
29.09543519736812,45.528863276699425,12.376500142473654,25.283014222539286,80.99905461092035,6.766019014216387,144.70680120318926,orange
26.86292549733133,40.98670522141056,11.565381823098463,24.85135952636126,84.58792643537741,6.862275201891812,117.03796210978338,orange
25.397820350335614,44.61051605746142,17.99978841395606,25.08771913458745,83.76908093170735,6.628359265072825,114.28987933760182,orange
35.26702179069695,37.41621126422067,9.10350488398395,23.672201576494075,86.28686327249432,6.6031588514097335,104.63732010511816,orange
35.30636177609597,40.295651582596335,12.48740377668153,25.863867501869766,84.25344044546138,7.180354047364545,131.04679685569434,orange
27.22620077419731,44.03306446724397,15.360380297733727,25.626946413774245,82.40019653129444,6.318737638423508,102.82943334514601,orange
27.81803756196433,52.12535443882479,19.73508920671049,26.927835425382693,83.67024850975585,6.812695590396925,119.48476962690528,orange
29.028026887406483,39.59777077972541,16.661574589050957,24.98496122201983,83.70749335708203,6.477411624500724,110.027669126262,orange
33.67277061643795,41.26925822238041,12.461926153401592,24.382240737627797,83.2661772851788,6.658874740260674,113.01196924293076,orange
26.13809340455907,45.65032439007843,19.588060362320444,26.183941566916054,80.13626578892375,6.606428744773345,100.04871117959439,orange
24.100141425333376,50.308268718043806,10.934629800885082,23.808693427600474,86.66987594937463,6.52815502123067,129.10283582820588,orange
36.50254342968648,45.60651749096422,15.796008496065463,26.62747680262594,86.21940564905402,6.757974389183924,112.0831282878581,orange
30.937119860760227,47.10642555691247,16.463353937256645,26.624262996120553,80.83731798148186,6.172193441856136,102.24155858162315,orange
31.36323991775568,43.98718874797057,12.356653250398677,26.885918351701612,82.73314963793143,6.679015091568293,128.15325126892097,orange
29.38468198440002,43.46813523318187,17.09277915566476,25.56493447701924,82.92603154314675,6.729684755546256,109.70656346310831,orange
31.39735477115407,45.24655305620327,13.45832961317712,24.27025542610335,80.55087705872606,6.444162777058647,118.51337656317257,orange
25.457382349977042,43.02513182812169,17.085427282553894,25.163781589458043,78.73966951720622,7.090474212326112,123.83487201241084,orange
27.477238299419312,47.17280801615323,9.481213522241374,25.57010334261881,81.78998873762355,6.616246865670604,119.97736047103037,orange
30.315473653567818,40.18118430316325,16.004928270686623,24.159787532218186,82.59117403235946,6.696566045445412,91.93532671976013,orange
23.187327321299275,47.6699610977005,13.763679981919184,26.999674433387824,79.82485499992175,6.6167506881191915,122.30124536026676,orange
29.092447158557313,45.117939036908254,18.449111348903465,25.870126251352815,83.95129329841797,6.731647622903118,113.94355549201616,orange
28.907506888996778,44.35583739419741,14.868057810687148,23.661665567016993,86.46528357345667,7.044332421038861,111.545198683565,orange
29.091929304148916,40.07104631944073,18.74768860116036,27.824310514698666,85.64739617272143,7.306428555882782,113.85471303576017,orange
28.346754576537055,42.060633984006394,16.522838295099156,25.146083912755266,83.17695158444526,6.917768820832648,98.09465566361864,orange
27.01232422237651,48.59595441939953,14.617474622855529,23.35884543572502,78.80695017387094,6.994798597568648,117.01779460394893,orange
24.53390444918724,44.3742030058999,17.363007928842887,23.754618815879088,85.32504096868057,7.136196183332343,100.67389057605224,orange
30.434241141502238,45.83519539761846,17.382175393581367,27.231675395748017,83.87330003111462,6.805995992272453,111.99868304965537,orange
29.09962803961127,42.36140396005396,16.41573001347364,27.737477374325234,84.58209532850596,7.10330644656267,116.64077653115122,orange
25.874155360293965,44.91283609132365,8.123095876124449,26.514227580221377,88.43706214077142,6.928290254787841,126.27738942386995,orange
30.18760023850131,40.88354385564006,12.052318527706806,26.9789629728807,81.39673034469683,6.7823971558451035,106.394061821473,orange
29.115149414781882,45.29964676286366,19.15231753951777,26.824923188197918,76.1692193705388,6.828826732751581,130.2416674043829,orange
28.616928145013656,46.11192269181061,11.232162433694203,25.835374229146097,80.81369082658512,6.3401811832422394,124.94195916190905,orange
23.52931533957765,45.96184418155505,17.64738345019742,25.493562681716387,84.73941492408295,6.815726833600384,110.49119770384937,orange
32.04830253692368,42.28924550852951,17.119357970339006,25.80979479171491,83.5686610494575,6.402656807899583,103.35813270277266,orange
26.30084687967261,43.9738470476985,12.822742915253912,26.104023164714942,80.40012786952336,6.3843144408875006,99.83993008658058,orange
30.189810764523724,46.6115824379449,9.014305118649826,23.887602990210404,79.8797206729001,6.793397705030675,117.85341544109797,orange
27.575194669701922,44.3656872141657,13.29326220615622,26.097938093968164,82.59574700966564,6.499332316079988,107.25851642982146,orange
28.833820447356043,44.13808385297967,21.234045130899034,27.187925270945527,80.3224585918014,6.74839940595674,127.59324645545802,orange
33.45687747524973,50.71040282587667,12.410168123371935,24.690441357506455,84.82761521654903,6.78114776685372,107.86499978680317,orange
31.594854602410123,42.14703264340162,12.617227966202188,24.530128322017305,82.45086143400302,6.791186160183855,105.54295470945429,orange
33.39011983886841,48.24125540426695,12.00725276907052,25.714819463858,81.90084939495414,6.546572683415527,117.4530766880653,orange
30.99115648386472,41.535958009485206,18.644353429648557,24.025513674387796,81.56639517254634,6.95220353605827,107.79650799982606,orange
31.18843075302234,46.96434325731424,14.271252865124682,23.024772075058742,84.17096295278051,6.729922071795132,115.08977493037243,orange
24.656582999321465,47.12445767437192,13.122281313152584,26.721578560157766,83.60865352058809,6.849242028038511,125.35288796561447,orange
29.047425018400336,43.468904534828866,19.24042205158605,24.32357310996485,84.01499103814962,6.480801086861926,116.2309079825216,orange
29.325273204454174,41.34756944141368,16.73848226380661,25.027672868080312,83.95933008170482,6.709876299720903,116.2701268373786,orange
33.670994461055926,39.08870038858975,12.242129274869221,24.0848124384879,83.3159013816784,6.996891258735777,117.15404044353839,orange
28.481312016279215,43.154659473223994,11.329248266814659,26.915132222369497,80.86551701218187,6.968289967156958,97.22246060200337,orange
30.79457852716837,46.57865594385697,18.47450989463992,26.279764237426022,81.63753067683528,6.5706091463420115,119.11429637427015,orange
30.677272029254258,41.76711552870127,15.050364491225148,24.63889068826945,82.49357899189572,6.62724940712066,116.67928155562191,orange
33.47302548084218,45.29084574277118,10.352807940431662,23.230153952855872,88.76624785712522,6.527545485735641,124.37542193332592,orange
29.5987677530816,40.57071060626746,9.650652939319354,24.479605292712698,80.06046738293713,6.6023070933913015,121.36101341193975,orange
32.48336084607944,44.29833542368811,11.651883854400724,25.85522904992457,82.43160991654193,6.435209803341031,112.8795393681421,orange
24.885404597587428,41.558868287403804,11.28154623569091,25.282953556119647,83.75058100328175,6.718910428708093,125.84012536086225,orange
25.157941701168173,44.76605849431672,8.861769087295691,25.16364706667798,82.72650147915515,6.89245613959114,111.92737767506644,orange
23.14996696612642,43.4967615911774,11.701479040054512,25.317548139204717,86.23862233066623,6.5733631056447575,117.5951495928159,orange
32.3579549254,41.4289015912872,12.24275831506844,26.13819434724724,82.7133302772177,6.729613586401235,111.73293097996677,orange
32.02100081336621,43.023379566333176,13.611956134846288,24.937211193902435,82.90191943216594,6.700387858282944,119.84845695169372,orange
32.69048272169785,42.19752941327402,20.07873013538314,25.675020175689255,85.57730270972161,6.987401714609599,111.04685728230349,orange
27.96791449288142,41.05822589928776,14.199470183705179,23.519621188382352,88.11731474044186,6.612391836719005,132.29929189388645,orange
28.309357027396,48.24823747586825,14.497275486767357,28.83077616546299,87.08912085356823,6.620576375778558,136.18230874086922,orange
29.63685707201307,43.91947540664722,16.527766091396828,24.57421102102562,83.15153259552169,6.5596452461342185,124.17635166895305,orange
34.33109790884297,38.393323652779,14.28804578680032,25.305389511825965,83.37373876008238,6.49406035798234,131.1836148188473,orange
35.08148438286615,43.13015757721594,16.200458891660126,25.849698287179315,83.61913407419972,6.869066623075568,98.83824795098,orange
32.38142546952409,47.74413514145479,15.8418446308552,24.38381423139919,83.8748484915796,6.719600070825642,100.07553369561256,orange
30.993059174410504,42.71592410022787,15.367765696797731,25.011737191374195,81.33926230841307,6.762332218460243,111.62361405037227,orange
34.00614809310038,49.493231634400885,23.299398253256875,24.993512911985164,85.88831418708136,7.036794260143965,115.43292513521821,orange
29.232472628551324,42.43001383511523,17.733377532133055,23.628942861139933,84.0268532756931,7.049718163333771,112.91882210995351,orange
28.827175408553114,46.510224167449365,11.754834045879809,25.65788413830946,83.38561671852095,6.379597280737169,97.75757987885399,orange
29.612933638158566,48.10991575377304,16.11066655856749,22.526167242611905,80.25857928977436,6.895762801446502,127.0917129163983,orange
27.063856891741267,46.3505819169343,12.62478958002084,27.62906266362492,83.65882983165106,6.800770558285017,137.61908145024785,orange
29.474971906885163,40.876518076076906,16.33875229217956,26.18945632746759,78.67230862678694,6.646142025192164,128.45037063131255,orange
26.64777586864818,42.172594269235304,10.87443774867519,25.958683536480066,82.01679417271781,6.823728829581287,126.39799432225796,orange
33.07502345669874,48.510212971159746,11.676661655748063,22.395036831350136,82.06410084847805,6.361563772075323,117.37425585402883,orange
31.631062173099053,42.586165631004064,16.03172268747038,23.81120699006047,84.23183774237343,7.07909452712469,106.14852760736507,orange
34.28868719264348,47.92702954170662,17.993007340794076,27.08401768120758,88.29361756361051,6.865862421841179,115.76154455267766,orange
25.112151591257433,43.709145834555166,16.50793304625904,30.0,84.95836403744687,6.555330507412652,137.1086743868358,orange
35.70509084076622,45.42431195765745,17.562352003605653,26.792038697585546,87.19342528522081,6.6182827000906075,111.30412481867592,orange
25.28257375861968,40.84167816893714,16.12145567629154,26.555415115376427,85.14529104141413,6.366792043001826,110.22294889784861,orange
26.405075774750383,43.17519727586251,15.517488297096996,25.787461342171284,86.36888639870342,6.679359618786843,126.6266884205911,orange
28.13753535941073,42.374080858680834,13.488920177224689,23.728754206434743,88.23567475000492,6.641385305120869,127.32370353282876,orange
33.923162075909595,45.67679895167452,17.43900542615039,26.492761124800495,81.63381607762925,6.451850162897154,106.09703103936457,orange
30.67672049168572,45.279592739147645,18.074637698479926,23.348188994354608,81.46738369296466,6.9247580025847,112.25441156100706,orange
29.268512248435286,46.3879496887369,14.810652926010674,23.18412225229022,85.20546779621716,7.037279367681257,109.72999229303494,orange
27.622117696064517,43.52843249072198,14.649221874664025,23.089706011842264,83.49061994214128,6.743843889739993,115.73173848014144,orange
25.8721945480179,42.209309786116265,19.77421743516671,26.46358396975239,84.06190227365775,6.681229451359568,126.58871004499068,orange
33.39788197107903,45.54818725663292,14.938734660551331,24.91387891760875,82.86589942512623,6.847871535479654,106.55771102815504,orange
79.90349165506622,39.07063730860418,39.953103656310084,28.99936458379296,80.39947273904916,7.028937666979915,130.78912207947062,papaya
75.45743062014589,40.18070851880504,39.886013190737,29.052292795796735,86.5760118328893,6.90230390960201,120.68910929735623,papaya
85.46786461341425,36.27773216770744,36.06611429486944,31.158797332213698,78.7084405064342,6.385011831852641,133.08609312986917,papaya
76.43473897966894,35.83673931489922,40.50549638429687,26.845996264755982,84.81623012895894,6.886803473012892,126.96392935134021,papaya
74.5638664366683,40.546893347013956,40.09463403581329,28.662939849070664,80.4005096666202,6.775144806924328,119.28550432403736,papaya
77.58621627202197,37.72665829805511,41.66525274878818,30.545740661397243,85.0825969237424,6.7279890527918775,112.46489336391818,papaya
73.48284192950756,35.64246484897924,36.43934057601786,28.709874205041494,76.32506573222555,6.744892605764124,114.16483541566315,papaya
66.92127094491678,42.89602387694219,40.02991115578367,28.794390160418004,80.55395662289258,6.796024296319407,102.35387431275454,papaya
73.91765471578006,38.10461598121872,44.145202190967424,28.00008917014139,78.81893964822959,6.594325472021948,116.79505331882008,papaya
73.84667875918849,43.44943481159607,46.23249949573686,27.88087354368469,80.41841700755012,6.708971057056956,121.75198510276984,papaya
67.83457142752584,40.08541237332828,43.840387806914826,26.808975481000218,83.66712878799838,7.016386302875663,140.5850531735908,papaya
74.67134164592478,40.88427658616591,36.468785483049274,28.244941702827013,81.13642881607383,6.591621198504255,126.33984387934652,papaya
65.69800398925771,39.36550076170944,41.35315804613088,27.81277393386545,83.66114807008081,6.518275205360603,109.62175223834427,papaya
73.43540924180034,32.03451326636291,38.55056027511666,29.141646600388487,77.98933672017816,6.736115846728383,102.72758069377433,papaya
76.09618196420102,36.589640526838885,40.851701779389764,28.054798157091522,77.53149662742885,6.4956225472298215,117.52137495354513,papaya
75.43648279712204,39.622871620843824,37.683349882669226,28.42449081794179,80.0483152194118,6.362373797672774,129.741173361933,papaya
73.15018737200931,41.09418741187812,34.8595796744431,28.45735352833081,79.88404346482675,6.672494885158167,117.35260395966735,papaya
74.61511319123368,34.63097793283564,38.966448283900505,28.942201781251555,79.44242189352742,7.0759399240268825,126.50381010006714,papaya
71.47171003134976,39.83919487641862,42.16780808983005,28.36577329231419,77.12410482298795,6.741314078427699,117.82649460897375,papaya
75.04867433740141,36.6332077383579,40.86399926642143,27.725856692075443,83.59595476955566,6.790179846250848,128.60400521658718,papaya
75.26138882966296,40.70386049526896,41.20884357974306,29.102919732737405,78.91148839809954,6.270716619415997,100.83290372753207,papaya
70.9488750994432,39.941797642900525,40.649050968938134,30.280979859517533,84.27823436663805,6.848578235799213,139.25018544175322,papaya
76.20464640229093,42.23050480728872,41.21358242453713,29.15415943494893,80.03823009561218,6.7710073187947035,106.65019862131547,papaya
76.17653694786205,43.20046879056255,41.58853527726011,28.268215474113653,81.94528679244213,6.600394163691146,129.52478795675734,papaya
74.25205538888518,41.376969697822084,39.17595571313615,28.85222431388765,81.67312892889105,6.790511356065534,116.73379206397254,papaya
85.89471166329068,42.58118076691172,40.24867168425885,26.539240675572152,77.52717577894744,6.788277363860541,118.61006519559719,papaya
74.36683925992061,38.948972572228485,45.22977512460907,28.832716700553362,81.10160876465747,6.5116152161194645,117.10677712835822,papaya
73.74344589582142,48.46935223380144,40.426093087003416,28.519574757091434,85.78499883340132,6.824667088525479,123.06725502061792,papaya
73.0992310085652,36.34354271051536,40.127690489361754,27.879847570392187,80.75483675930107,7.01935547006861,125.49029451937074,papaya
70.6307734961562,38.41673266627203,40.3086535216792,28.09748197720164,82.70383021867903,6.698713168018458,132.7003381418768,papaya
78.08653811929531,42.704075748240676,39.34627444505134,28.507718598152422,82.07981553377655,6.55479130445165,136.89538659116855,papaya
71.91188864391248,42.25816391458298,38.69393210883759,30.19094993120779,80.92114897509497,6.710044484294611,123.98185856132042,papaya
72.44423333851012,41.462167057427045,40.626035573096296,30.31047250013611,80.55943615317425,6.942287968889496,140.56409087001964,papaya
72.57791298207631,42.02595597397932,38.48285439412255,27.88624980613063,81.6419466773639,6.474078261158113,121.11567051386973,papaya
70.5677541786817,33.74932853618188,39.56345521156835,28.37830715210793,82.28984763942684,6.880175608226441,132.9292843470351,papaya
67.12012500354875,44.7678960836135,37.628455880421136,28.408892051253705,75.94350782884678,6.597446746832892,125.14463607487377,papaya
72.91677059778362,39.38832712340015,40.32403541360295,29.97145461866015,80.74190866728937,6.804464193310441,113.4095444228956,papaya
78.9300089072053,43.73768254681256,41.75258483252808,29.17460786315794,79.44776635775804,6.6230254631147485,122.17480985255813,papaya
75.8864091245936,33.89942026309613,39.364255420267256,29.11134783516925,78.82541946904487,6.622421185106649,126.0380625301095,papaya
82.02258871584657,40.76970551044357,33.97486468933205,29.643515136105428,83.88789313708573,7.092696356152886,119.6136224231687,papaya
78.37930337245133,38.30949316256545,41.771114632166416,28.284303909906882,77.80056125580845,6.432955517129964,124.95427821597067,papaya
77.3578416462332,41.71636045474391,40.36055152827928,30.63666388922487,75.81569281907,6.8592073899477475,130.38435551192273,papaya
83.47192060193721,40.951211357406535,37.02030564995962,28.99790641109576,82.38714867615757,7.139547992457289,119.71952229604929,papaya
74.56284482248554,41.09814339249753,42.31981072696982,27.972905064569705,75.73881843033833,6.904242433456385,84.67334797581023,papaya
75.28384053077228,36.82317493530552,35.80472439785246,28.72443170744259,74.2161707661243,6.450503170716184,140.13924181792046,papaya
74.94841010252938,39.829092637544164,43.13622284597341,30.478313989049447,82.7248030699699,6.461644385494034,116.42890283735606,papaya
81.94704029032597,39.45949885621198,39.827900141058365,28.489829436819473,80.47616675168746,6.58088429025456,110.12063735001243,papaya
75.0113189240659,41.485930125122294,33.19340477386801,30.1394693588538,81.41815888210633,6.785529280091972,106.5106764521662,papaya
72.08275181665303,42.967890986300404,40.53498876178971,28.249585048674174,78.67271727566113,6.800837106170037,115.96264917199626,papaya
77.64453992083283,40.451427766025844,38.78142289572719,28.081203563867234,75.84678160517294,6.463868275282569,113.24702602419622,papaya
71.32683085024337,36.171483134834205,38.32945212453059,29.79151689271315,76.442638359147,6.553629571849433,111.1558864333837,papaya
77.40062180676266,40.3227364287003,37.786822715631345,27.95123292722511,79.18343330170615,6.567416440429495,111.81448476186512,papaya
76.86228420363825,47.83322868522779,39.61835262742038,29.987048300194033,76.18279142624587,6.7093319681741495,126.35691388871787,papaya
74.14768799487076,44.93801598096336,38.54443395649857,29.42195119882802,80.92115872113696,7.196556477890492,144.36436129203722,papaya
77.54615207439072,31.076801311726904,34.42992927043484,27.95168727863889,78.61262618589674,6.540032910234724,129.8468591761788,papaya
68.30494531361242,40.190029461084535,43.81620366003161,28.914268707206798,80.55510814209592,6.530184487544448,133.47117821705484,papaya
75.73332954596243,42.796358575766035,39.26692703211459,28.341470851328555,80.46544438467929,6.4950434335926355,115.47107962263914,papaya
72.9175557689997,39.45301896229606,37.80419495236521,29.41877186800287,81.16039866327358,6.892997528529502,121.25598438660694,papaya
87.88018609778034,38.61972723956835,36.614728952364004,31.265357893946504,81.498447581867,6.740698140820102,125.11778885076345,papaya
75.70121281338093,39.199107354749536,42.31219620235876,28.555154476535094,78.96829822766226,6.548349026661759,112.08530527628676,papaya
72.31623577597453,41.65656845630396,36.10470409271043,29.64053152863021,80.55190779990149,6.668370993649876,114.8912391534106,papaya
68.79764218776113,36.55459007687497,40.4019619055739,29.02932877000102,80.70802438526053,6.571910182284517,130.2546234999969,papaya
80.87432788557419,43.56606595482811,38.249052994379255,29.028869243675818,72.7133290727199,6.81657553826758,133.0835130612013,papaya
73.424852762143,39.83202102490579,38.423741018313,28.801753855122172,81.93957723757848,7.353984736529175,120.8089232341831,papaya
71.43891569816061,37.19492717766535,36.6893214070723,27.971099064378134,80.44982658866076,6.873944491280753,105.65811383065528,papaya
76.51334646304076,43.373050484196085,38.13904170243502,29.402167939138945,81.69214659573072,6.7290775841008434,116.4528962013881,papaya
77.92373474132545,35.36460728466508,40.026437174520574,28.653509900096733,76.13946921365822,6.60038051531521,102.70402638592954,papaya
77.85278819944288,38.33436970899525,40.70593667904698,27.91423989951353,79.05268047451283,6.447734981575909,120.90242891801672,papaya
75.08887690376713,38.284974804144504,37.643222556151066,30.21700791469796,76.72541163030326,6.915080189565683,123.06483733525702,papaya
75.71635561599024,46.43182581470839,39.72719679268776,29.11881154724281,82.23380412863862,6.902854690132422,116.75147494754668,papaya
76.04416684056316,37.94493769408167,42.665363292911266,28.726281251188112,75.78465037379452,6.645127275744569,122.90053466859845,papaya
76.51378319532994,33.535104338499686,35.01211432915278,30.60806793769556,77.21403565423304,7.023000146162089,125.00281486900607,papaya
76.91198338155667,38.254554654162575,39.98119307922442,26.796702157360404,81.60294238481595,6.754749061249144,123.08234451488549,papaya
79.92503738087495,41.366651042214336,37.14764816379348,30.527384964474905,78.11187640316825,6.924321165463906,105.58163649243684,papaya
75.25386687911633,42.35225363975081,36.84194748365041,27.94377446103654,77.21482802963283,6.816644325457427,116.96082809384767,papaya
71.32438530376338,46.829619080328314,40.7830345389943,29.253839047298623,82.72015828862055,6.710144427027531,124.91811573919522,papaya
74.35068733603184,44.22069271295764,38.364245593997325,28.294323495055146,82.8431352697756,6.535150962455815,138.944541255672,papaya
78.39201368430749,40.563767781745454,36.3495906212947,27.89239875145709,82.166213577623,6.717254266718399,116.73689099713563,papaya
66.9606241872682,37.325753597275664,43.97284957620996,30.576663831162122,82.54612902182087,6.93946140050134,126.61008240537731,papaya
66.98661512082617,44.87208229404207,42.76026854299549,31.227459880874342,79.30526216318583,6.635669599822629,130.53782294308587,papaya
79.13224254626546,38.894309349021306,34.203082130922496,28.734529219218707,79.38622107609015,6.848941814010715,117.64046761952929,papaya
81.84055267583098,38.02552829135619,35.5767156159938,29.402569642633154,78.0557561643992,6.506384426544599,133.78089296984808,papaya
69.30659984241237,38.74877859353779,41.780371213956045,29.068389501995,80.50318750314793,6.9255131256293305,134.42608597717077,papaya
75.45206671874803,36.24313528330957,39.14537850088759,31.076608204823426,78.41630501802246,6.820411800710241,136.56461680873429,papaya
73.20204699187343,38.604939726487075,44.50172393306487,26.46421946305576,78.70080138221907,6.479525079261787,125.50118602782638,papaya
73.82626449491269,39.30067501006475,41.84900919562303,29.452548129524263,81.7997013019487,6.699596732207637,148.32164699589043,papaya
76.37488953940387,42.19196981743635,40.898396571561996,28.12744842302728,83.55361773654315,6.959574204596633,112.6166026468279,papaya
69.18208396945163,38.83573499469694,36.93441192452369,26.172843174234586,81.19478076281028,6.4667176783530245,145.48893103414727,papaya
70.01752124778419,36.19762227448445,41.47432088459342,28.567363883084912,85.3829475957277,6.50903619630939,129.2195938639012,papaya
73.64436972185449,35.1886835342299,36.1727081357486,31.217658549092665,77.88345328390176,6.734363185173039,136.08464799632063,papaya
74.34580980947628,40.62870924256935,43.915733600230205,28.21274097151952,74.48607608237222,7.229999414347244,116.15954694549947,papaya
69.93320202442123,40.21787756040767,41.266415767054724,29.948918607877534,82.14388366876867,6.598669931091113,130.13369643556516,papaya
78.55341453655133,38.3370618663605,37.525508269727226,30.43840663647604,77.68449934205981,6.861436649906737,137.12368996397234,papaya
73.12097562100035,38.59763061852379,42.414032284396946,28.984763836856573,79.1789232746739,6.808530466710304,106.95169627531354,papaya
73.1018207726992,41.16546079839751,46.72457466740901,29.14454674209355,74.69061046963662,6.617358022440253,118.04008461821496,papaya
76.27196455603455,44.17163876106804,39.347148700571644,26.940442512150668,77.30236925796252,6.786255004151597,94.30496774122575,papaya
74.41991275769625,37.65956624756804,41.65123956907388,28.140603364192824,75.49331775026229,6.649237201028635,117.86000427781012,papaya
78.76864565807615,40.266708508646296,38.70451204092699,30.088409149195996,78.69709020973909,6.669493922223785,110.20790167847896,papaya
70.799598579897,42.87481121201597,40.25605665285504,29.072814916444482,78.81634551835116,6.376213821876045,117.38678774439919,papaya
68.71176031321437,37.67165712940825,35.47829631990566,29.44080972973242,80.26988123464463,6.744501847155077,155.0837202912559,papaya
35.153410520391596,28.07075993987502,44.43452033326993,28.618923878328633,89.2829288499767,6.289379141203661,176.77327721413536,coconut
25.681657389898103,27.11554097791025,44.020547700673646,28.470262547580546,87.78137643000176,5.769580990430479,186.3640203374332,coconut
31.667214904798215,24.73923418891857,37.97617957903931,29.914635923524166,89.4725897990957,6.200598924642101,194.22750023743527,coconut
32.39679326117771,25.73095817504249,40.02852920128936,26.87511676522827,86.2325041767919,6.256430898148625,194.81748166006471,coconut
28.98630873988623,22.51521881321753,37.553911622850485,30.889135830801518,89.49209949402304,6.373195925097964,198.06660637635852,coconut
30.53492280947565,29.8733160498742,36.063753714502326,29.162635355843598,89.7855712449182,6.616030198563929,215.4890951907782,coconut
30.827946622244994,31.203287519541714,38.2336794388729,29.732021091183817,89.02436677833049,6.291772045475185,218.73881657137233,coconut
25.96016588141442,25.49447089211792,43.978554890288734,29.870093339778652,87.80188201283273,6.045348352844264,230.08193758083982,coconut
26.906011937741557,32.772057508184474,42.522236100771906,28.150329007963315,89.10497749791118,5.840932138689669,175.62639024952148,coconut
30.516890155322972,22.959452885393972,37.08985599513394,27.90276973258491,85.4884899532134,6.404577465575286,187.16174119495497,coconut
30.298207583945302,21.246762279793142,39.055551849527575,27.761276858415407,87.94631509481047,6.054455344117582,210.47727735589632,coconut
27.874311853748193,22.871128737717648,42.247369515809744,28.703518364205692,88.17614857285652,6.445038319861303,193.18953176712463,coconut
27.616871580438467,24.34152920477503,38.28708581443799,29.839045629861236,84.50858975790916,6.564419534236578,212.91179704773847,coconut
29.73066225098638,31.93619965360889,40.23875873449819,28.299485569735012,88.56781456911392,5.9025831776546855,203.10670145172242,coconut
32.65845285894982,24.156522617782123,41.20554234119444,29.729517968213965,84.69015786721592,6.374625825720766,223.68806315055198,coconut
29.770542687159388,22.421032561587936,41.17279165553239,26.15849453736656,86.53718382970378,6.540840042326352,215.6407417089903,coconut
34.868192491906946,22.30462342126769,40.762436283070855,28.537319357629702,87.58946215837167,6.4792838481880635,215.91524939838473,coconut
27.912538357012316,28.420066336129842,38.038908478652466,30.400564841133875,85.85584313457619,5.778314626695147,193.82192586959457,coconut
30.57932940436448,27.991905244927107,38.34707623744355,28.794834453160476,87.68574658689572,6.057928289921416,198.53808731047593,coconut
28.93711371268798,23.54356544093917,36.599050445438124,28.0050276366006,87.6497532284815,5.961959386206154,195.42119813648966,coconut
31.76388283923933,19.372647651768535,35.31599021949318,28.211788133434883,85.6545913114426,6.367781369908086,177.41161784525139,coconut
27.655236353324412,21.614219365872145,39.655753774929316,25.366372924318142,88.77794253235474,6.342998490284237,222.076538832433,coconut
35.78219326198126,30.16373151249863,42.44877884376157,27.785837635505697,85.78064786756097,5.642974327463359,211.1808096326482,coconut
24.92816279077198,27.06642365364841,35.85915281753816,30.268689647015098,92.64794234315306,6.1823128852012355,194.82459313878593,coconut
35.14644071904074,25.196384126674914,40.81891973237277,28.30087667972452,87.25367264750614,6.430161961826749,219.56888761189958,coconut
30.2699654073265,30.606499519453173,42.35389364015018,28.44254676559853,84.86458817377243,6.283294598025427,190.54448529879267,coconut
31.65727374524074,30.87497881843455,34.48979869353596,26.20182537555631,85.28523102601902,6.282910056887469,172.42798297317086,coconut
34.003574709275874,24.892181194116105,39.18825669959134,27.042994648264926,90.08205604557118,6.16787642048829,215.1105462934042,coconut
32.57298448549821,24.947284718405,44.938630601375124,30.428059014319704,86.57940878813348,6.011738288258197,180.82159650326005,coconut
27.809919336620815,23.25385995366377,41.65582305327212,29.74075289679387,84.43153143238257,6.246162439624641,197.06336801564024,coconut
31.800268665787804,24.146190137544593,34.38862855281314,27.443073162272682,89.42085368103747,6.261721026527903,203.0918456117564,coconut
35.60242191790385,20.541025072599638,41.97501838723483,28.243313130112135,86.56495875249931,6.388432267074915,205.78198017108141,coconut
27.338124863517532,20.52884087144782,37.756789617315015,28.96499318840146,88.97019390001854,6.406712482966479,212.72601584305696,coconut
36.355285533581934,19.832023393282295,42.07392079027828,27.564646721411894,89.60502355772628,6.269318819311729,208.7127713940127,coconut
31.157107457905692,28.253011020758333,37.92975470019768,26.59502733978368,88.11754296231922,6.496354382031587,208.2483878984304,coconut
28.70031668423923,20.31579333126231,39.8409026667641,28.808947535072676,92.890791640292,6.1656419496694514,188.13872326915262,coconut
27.320131846175236,30.849886896118466,38.38737169431115,29.68713027460789,83.61932939090025,5.92509447177706,204.41365335901486,coconut
29.330138776775176,22.808866326401784,40.009473168215514,29.710228783675944,85.65961233063842,6.357337075619096,177.4167504492484,coconut
24.134165006788514,30.212049720347608,38.29815947826697,30.050284862650575,86.92411248964109,6.278435399737583,223.43206547679245,coconut
28.754266592823637,23.904836971403576,39.32938527533657,27.13573128586421,92.58764043936827,6.361809591027969,178.96152764272665,coconut
29.211218268433164,20.30143968723857,36.473184975067966,29.069482291792326,91.54550555772998,5.965498446636341,194.80340241865483,coconut
26.77675905266274,28.85133669419641,41.471978786241976,28.677858362925054,90.3995544516363,6.652929119937485,180.21688641459824,coconut
32.24353558471308,29.205596882899677,40.525855625931776,28.895335177403368,85.7132211333217,6.409863043074319,189.0475057120152,coconut
29.34370113663184,22.28184699919897,35.15040347768755,28.745862039639036,85.97559183551654,6.185200699525197,200.20142623148075,coconut
28.092616366156715,24.00504320020765,42.978749980605784,28.20746218327098,85.63573992093397,6.039523042157954,192.06862852225998,coconut
29.02399819479437,22.282612190317064,39.47113612103651,25.378651454941274,85.73728950190828,6.492359517347256,217.16369387218433,coconut
31.06532241994754,24.638419916626844,40.48528718870773,30.39419482468481,90.85858536637095,6.002101799035632,203.40351523944196,coconut
30.219663631400984,25.323487442322563,42.29368501608756,29.395988198570105,86.95152397235935,6.758807085578216,193.0563540615711,coconut
27.897074735737267,23.945850822653714,40.98472672707995,27.21885225495619,87.24912912955114,6.112028888522651,197.9962710503893,coconut
30.376960422121332,19.54332581382744,43.4956094753827,29.567757983591306,89.24237027057772,6.637113673286263,218.29550685583902,coconut
29.84797212730123,23.257362054729935,39.120113433383764,28.463234231598236,83.75706205842356,6.208493398358639,213.633063249267,coconut
26.581607330553563,27.110556290662124,43.10328815868112,28.497233220298725,87.61845309785556,6.605668009484569,182.91843658976885,coconut
29.13448591947822,24.373301372212254,40.36877385342196,28.07790247821316,85.03203861048593,6.084654585964034,189.79022428790591,coconut
31.738014811262666,24.017678117314883,41.52290027352007,29.644316567182717,86.83756642874378,6.254238185173008,207.12184728026557,coconut
31.716414779689526,22.207670364907706,41.21088751839371,28.04021171418056,86.18055343859177,6.431068599288378,205.30049879040558,coconut
29.31010700278982,23.16984589240715,43.72219097592858,27.68379837669128,86.06454332142967,6.39896735575656,184.24427687901857,coconut
32.03031838435793,29.22684431974588,42.16423712067788,30.358093772727194,88.00755906508932,6.497671412573024,211.23689883959935,coconut
27.060133509046135,21.580668229593677,38.671163559070465,28.78534230827993,87.99773015538315,6.140318774169648,186.63688789720405,coconut
27.15303648542002,27.16246929005569,38.07619886800045,28.82301633200935,87.00540367422353,6.269081883891207,219.55740160784512,coconut
29.24623511011896,25.141165662710574,39.8507375572155,29.830956944331998,88.3340397717301,6.530887429599566,207.9417373437443,coconut
34.492698408261404,25.734431989364207,37.71969567676226,28.19889595898459,85.54561728307951,6.091317512113236,183.02113324031419,coconut
30.489754879614615,22.802931156956145,36.84342339602096,28.438216192823738,89.03356820533871,6.378821738751641,192.06384947804884,coconut
29.173902571002685,23.94466790185625,33.61584259210588,29.3668583236674,87.03605220014539,6.200688946050006,191.80309078207063,coconut
34.63241400361994,24.98283945948413,35.35221172651387,27.150346877043482,86.41175698518973,6.296321673981086,202.39815081953498,coconut
29.139184694389385,23.437999106172413,45.956219083334574,29.26531885612186,85.7117926736683,6.269023798693251,196.94034652981264,coconut
36.70419971185798,25.994296312109647,38.03049925111067,28.09314624898236,86.95685571394996,6.072636291073383,182.81766629927324,coconut
28.46615062913776,26.37231704836921,45.71038089946344,30.02656711094618,91.70893832790333,6.1913440317724495,179.08611280666136,coconut
26.964813812246096,31.518119870859763,41.20946380346674,29.65599599221989,87.35754401726918,6.2826097567172585,208.23535001596792,coconut
29.500914075444374,25.834570088087116,39.85072593509169,29.497458028370037,84.92509204367727,6.226887100289771,204.29355296846245,coconut
29.25274721748895,19.26327203344349,35.4981846495363,27.071649621734533,89.56734290026635,6.603865588703703,201.58306335807546,coconut
27.57684007095215,28.48905724251604,40.014006686728145,28.875925525791416,86.43816101946855,6.477240000283682,204.0609778844069,coconut
37.80592223447531,24.388388075091424,45.67655130090469,27.58728012750287,88.13845775979306,6.3152456121610365,190.71621278712448,coconut
30.95587970341575,31.03577608881056,44.672910232050214,28.955763316427568,86.1372637615402,6.078292108888112,202.75988536662715,coconut
31.39274872101475,29.412773357515924,40.822715958092736,26.221664387732314,90.38173996132213,6.064594804322961,238.07758347476403,coconut
28.614362198589237,23.4841978488653,36.553994902284956,27.15100127794971,86.17079054754659,6.694107482938092,217.61850681120714,coconut
28.26699184576461,27.165708351613524,37.128503964252545,30.426840330608226,90.64518045179946,6.022775776883757,195.67387323560243,coconut
33.076675067153104,23.218134556756336,37.44222446982262,29.44286381120787,85.13916368481023,6.275618414083868,192.1494237934814,coconut
24.972474682230718,25.00807247924408,43.8344647820881,28.5754209830244,86.84096063214017,6.331213460728453,157.0934090376265,coconut
26.571406581628896,27.027954443061862,44.89516130832628,27.909508012776534,90.64999051829025,6.179952178416256,216.03041229477046,coconut
29.258074483177335,28.33900061813953,40.587678504902755,27.69889529889549,87.87839200575802,6.024504152970094,211.7990803066222,coconut
34.05314191690294,27.68561748665872,39.09075869343054,29.24018690610623,92.61079836906268,6.07339825622354,191.84258046085262,coconut
28.87644908109158,25.224968895738485,44.64613148998295,28.587641228489186,86.89443398921446,6.127036374481594,178.5243847568431,coconut
31.24845467182259,32.45027170024365,37.064279377405136,30.855976619980733,88.07834641916152,6.090364104453,182.67098835215413,coconut
30.083186038164275,23.904938780418732,40.1554699828011,28.77828353598758,91.78658586210985,6.5487370884657095,206.66596793719134,coconut
33.888775238810425,20.178398104902108,41.38889799863839,29.07046459069344,84.0936727623299,6.247946651468658,198.6598889950623,coconut
25.245830945361234,20.755902114372027,37.411598178470804,27.333795838333554,83.81506242534154,6.132144752241787,210.37388026410923,coconut
32.20788961116833,29.422023190367028,38.092257335826076,28.567160929787434,85.71010660127884,6.274065559870121,201.29664707552274,coconut
29.403303210772208,24.770041240459587,37.85878726243719,29.212389686081583,89.33008855131499,6.400290078691356,214.50138248174727,coconut
32.774652581758225,25.477172494162275,44.25018056796426,28.552657146544178,83.87783483750314,6.172460566137045,205.5436271058837,coconut
27.542153681699055,23.37242836022699,45.743101831171266,28.417245759710923,88.84336037726455,6.452945791414581,212.43193070241023,coconut
30.073179209588517,23.64189256210243,40.34437759070968,29.39229155073839,88.68509006260001,5.963991975769774,168.65474883617094,coconut
29.692479867261948,22.638712417152114,39.19534423887164,30.817787937873188,92.0323780247044,6.513543317226193,181.4848164425381,coconut
26.99269358603876,26.413452439990266,38.200476775020114,29.173963244369393,89.85234108240284,6.24798572355125,194.5347249516856,coconut
26.15876096115911,24.707860247388698,40.005238940350985,30.373023540167765,88.31911303436999,6.2391972208558615,216.19353177350362,coconut
28.258765914410574,26.305016133410202,38.34933474568963,29.745922853022538,90.55804910409417,6.094071776995408,228.2079458910161,coconut
30.389793386984998,26.01831515595245,39.708909272934335,30.30122404960142,88.71253386750845,5.973733720634482,197.53646326419684,coconut
27.72926332708652,23.722363799101313,41.23969846901177,28.268336091984036,86.4648423770888,5.874998814441537,190.8262990416773,coconut
29.009779310916546,20.62380812409164,38.7840611716289,28.751687006018717,84.92463700164006,6.078375249486298,170.67547183613294,coconut
24.34260793654929,20.362601212001927,39.43123581215771,28.7566717150824,86.21892739169057,6.382226474635529,212.95345646109746,coconut
28.88805023854881,34.0799547750852,39.44363654478308,29.65553268387677,87.40983378226899,6.033712354981451,191.74714137208284,coconut
137.75000801614894,39.68525292315428,43.957007366531975,27.085281189683343,62.15583528450017,6.174944251692171,108.75887344551711,cotton
115.56357647979291,40.054666656716094,48.06896457323201,29.320954211561453,62.33025878702015,6.897560871710584,108.10128965454457,cotton
132.631650581164,46.279065522357875,45.61452498550971,28.659616983461223,72.49100159374305,7.066396701860507,102.59847425479012,cotton
124.4902043015248,44.33307550481978,45.49092854213426,29.16944393135209,63.814927596143036,6.874957947028112,77.1928136777569,cotton
113.8304136040718,44.22479863359563,44.585667939710575,27.88974487276864,65.6266417813006,7.132181547199061,80.97250084079025,cotton
121.39286273186151,41.05229464912797,50.05066713671939,27.775551072061383,75.39237224479865,6.810820115118537,96.74477575746707,cotton
124.6282831593028,43.03245273348432,42.86019981271303,29.12285757485679,64.74654128708829,6.670996248073339,94.64053206862282,cotton
118.6484868449005,46.129365477630564,44.031976387622834,29.145631007267543,68.78399849231597,6.720846016249156,89.77016181126768,cotton
125.02789626331379,44.843738204080495,41.28799456476001,29.878864676634265,71.48929378734564,6.833944438208813,115.00589357327574,cotton
124.89574295609196,47.46802218312595,47.18019323197352,28.238257066540587,71.30895070117217,7.17835907353985,96.11153160829699,cotton
123.57803100356479,47.895276036377744,43.253552980926976,27.87170244683829,62.5065886610862,6.739375570100276,100.6953337825036,cotton
119.90115979171496,44.24334042522537,43.589893254821035,25.048175704006955,64.82492832111937,6.804640328037488,105.37288574995868,cotton
112.95035946416324,39.44325214223852,43.44919010352846,26.0664873544056,68.63386491094495,7.088171558534637,95.57706372156083,cotton
119.5392877471486,42.73006530280135,45.18816574818717,27.52689807377993,74.73381546518735,6.834397188810088,122.20615276307987,cotton
121.05638798229506,44.70693215738193,41.247721246022564,26.67872928250454,64.64433503009552,7.2685144817129785,85.12609082442512,cotton
108.74369477377306,42.67053884398766,38.270264201693216,28.976956678519894,65.64895130958347,6.59656294336243,88.63624830611172,cotton
121.01541189594806,41.83612736599874,46.37311211217832,26.427974846105254,69.07340408025377,6.524999960366389,85.10032995803368,cotton
119.41919241113914,45.20925685267046,38.65932688138887,27.398434805979655,69.82371835255641,7.000527581226053,111.40791200748669,cotton
112.22024357529027,52.29090930819984,47.562413351932136,27.445568208233812,70.05095251613527,7.033415192547383,103.42190167929579,cotton
118.00196165584946,43.53543581389088,49.67558324860544,29.445691700079337,64.3261655068695,6.614563366952474,89.28640491645477,cotton
118.12892191899421,44.991582442524674,44.5073285881949,27.27011350117643,65.50481948649598,7.343386482438051,85.92929806297481,cotton
131.5805672009605,41.06389236830704,48.89847884016147,28.542894541657585,68.30812949925738,7.535229147224175,109.54135025632733,cotton
121.3207100770642,48.73020316512454,44.927230741370344,28.23484735302726,72.23366742235605,6.692808109762564,98.79772101105803,cotton
126.2162715078876,47.62422913005427,49.79772347723361,29.083946182536735,66.6056846920559,7.390809222001294,109.80938867047155,cotton
119.29310817305611,47.41720241839775,43.63134644366037,29.020258062539778,67.41636787468568,6.113896383239762,94.36843181679366,cotton
108.7565008989895,49.079387433914235,37.90535457170664,27.959871864556547,63.652768360727215,7.255117048016949,100.3711208855528,cotton
124.03405109292974,43.717975935915575,44.760264767680496,25.964446584871382,74.4871006195959,6.616938285527622,98.15239038006203,cotton
116.05087962247475,44.09274654046313,50.123889580232216,27.721910936025246,68.07848605178141,7.222103985050807,88.44683098907228,cotton
117.98639922007254,50.12963559565995,46.60490491782125,27.976053226561415,71.54158042333778,6.582778924634301,93.48648633250541,cotton
113.68217250530718,46.89818430883368,43.454030314386465,28.343211079783334,67.6121145302535,6.877399113573158,82.56481488486739,cotton
120.43660718352815,38.34233453596752,45.986703507854195,27.11493382573503,67.8197514946628,6.632661853141193,100.18812164913605,cotton
126.39107016973472,46.36446292691103,47.91337451535766,29.369081342090336,61.87384165930477,6.829419369731914,102.99311183664203,cotton
125.59642865084776,43.25490581769121,44.74315068325659,28.01634330197799,59.434642988652875,7.503874929547047,105.39669260110585,cotton
129.51713704671099,47.69451547396997,52.87917025602714,26.89540318262545,72.19464454438484,6.864380527124176,101.99872137829556,cotton
130.36775674772466,46.22457140826052,43.44774613044154,27.450126593509985,67.79271830348408,7.596399535895526,93.65379356671824,cotton
107.72475461845066,39.778371707931605,48.00753216613425,30.314251184760195,68.27410546119982,6.772681854839364,111.29569177330835,cotton
112.83827663442521,45.80649051148643,47.2858117094454,28.797253471535797,62.81604842924846,7.392282352256245,104.36923912116022,cotton
109.15085053004069,45.63188318175482,42.90051772590583,29.258147866677284,64.11350933327391,6.363521439850775,109.5797361673996,cotton
123.79158246233754,46.09038745939436,43.72667919795698,26.750095636343904,71.48363250425619,6.8054520117251975,110.23851039693868,cotton
115.84150929720508,46.72658655573993,48.054295942438095,27.17340436937944,74.02553914065538,6.723083704842632,93.68120361927764,cotton
117.06491800893642,49.487897879465194,45.43436366281272,27.182293232942506,65.17022244835293,7.407442848263057,99.07273429737899,cotton
118.70041540843526,46.24166696884289,46.01421518018182,28.221272485106347,70.01806233136146,6.961132099391905,103.13293442672352,cotton
122.29542412854451,45.068695381423396,40.09209793888693,27.79119780269733,68.21259349755601,6.210932554016327,82.93401123088854,cotton
111.08807371196126,48.443902662564675,46.9679959654863,27.412606706491577,67.04801647470853,6.467657213941225,83.1667816900226,cotton
112.44681922419548,51.7282221707693,45.861890532247706,27.563116488995856,74.44484632566869,6.565821457704798,81.35722771705169,cotton
120.00777723918664,47.74521226250427,44.80826993207654,27.047157775989916,65.80049382741468,7.208236597057016,93.86494907054116,cotton
127.1924756169268,45.61861838042427,46.08267558917723,27.78419285571831,72.15267238881557,7.165652469606571,91.50017087827823,cotton
119.8476155804935,46.29759164930675,43.77234687862725,29.335858700600497,68.93033743890769,6.8008681871228305,79.92545840289999,cotton
115.2500417617078,45.76813127819477,43.224292488349576,26.184232778140295,67.43666504113193,6.718991768106202,96.56826139083611,cotton
107.11074791797418,45.05555524581998,44.27434340508267,28.415775320362275,72.64506439887404,7.136408119480518,93.99600137447578,cotton
125.71605351036168,51.49551249451914,43.60739046504511,29.656111233855547,68.58800436908635,6.5272573794974535,107.41352178580843,cotton
115.58441010365712,42.752839877050704,51.5415886831296,27.78017548172132,67.13839676282895,7.051030762723617,116.13628033089081,cotton
113.11537850548967,48.4647174847281,47.735612186530766,27.365348765024926,72.67290814868262,7.0229309389671775,99.79272857434944,cotton
109.70804864124732,44.622429171898276,42.0945932280849,29.109077783140705,72.18473345164459,6.809385434287968,87.68537952565453,cotton
111.36539513314821,40.55874248958383,51.10888800678253,26.818933747757388,72.00736245432704,7.031233728465087,101.79060596214423,cotton
114.23271467727689,44.43504676924048,43.701430165691065,27.972770164073523,55.0,6.933691136514646,95.09768069486496,cotton
118.5669075828351,43.359672498738256,45.088366102392854,26.752187079537126,69.15066234651904,7.064148433269659,92.47868483529427,cotton
112.74754977143606,46.73273195525298,47.69225158479396,25.755878835970865,68.29543947401238,6.45974623820157,85.95318822761197,cotton
121.11424822528582,45.27390066797571,39.09003436830715,27.817618882246247,67.36926279717943,7.102785653574472,90.12568958816892,cotton
118.5213135604914,41.933919409056095,44.288922459177094,26.48392592407962,69.78667362739755,7.23877843873575,93.13319438162482,cotton
133.33195373510716,49.41302374046914,43.2799984470985,27.985995384004998,68.47708827189199,7.005913968786267,103.44301211773721,cotton
109.77334130164402,48.27040201342717,45.6152402386324,29.338035549256848,70.04177781497692,7.0984012308271955,100.3657685942826,cotton
120.96887658187428,49.75816659628921,46.11014904979633,30.225106488015548,66.49514322091878,6.863726625254778,114.16854950074921,cotton
121.04402993424574,45.71089399220435,44.76822190400294,28.11223514073185,73.11817736316185,7.194139746866805,102.08054977538795,cotton
113.8166555764611,44.89280079515793,44.62905810546304,29.223058998370718,70.4210407191481,6.921531552233352,99.45509670790479,cotton
120.57151438468476,47.11068144785586,48.19539411790633,28.47875518012796,69.53447471443064,6.521179376789979,91.78458116253798,cotton
124.6175661984403,43.26757493723729,45.904457791002116,27.54026366334993,69.35139462640073,7.1706713311114765,84.10663869060954,cotton
120.578948895347,45.39017866415951,45.12427503015583,25.690268375282926,71.83980490310087,6.3607317383224355,89.016118860542,cotton
128.30677730891904,44.47296630203591,45.443611774380415,29.951790792498542,71.33132920100809,6.993317315615167,87.65169404099976,cotton
106.93387429142797,40.61689704843024,50.50766699259066,26.74107737286265,67.07710479920142,6.773206459484497,68.11047841171603,cotton
114.94659952318368,45.382366514517216,45.518021930952315,29.659325093701323,71.21366392808736,6.752118502597446,84.4093662829712,cotton
128.85033628338567,43.6770993247701,43.45665448510288,28.6441691551147,68.15269590015767,6.956756287475648,111.82320249434272,cotton
125.4721579995831,44.27234350794509,39.27300273416682,26.82878465770317,74.68847546812623,6.665934897030062,98.87030223606943,cotton
123.24307026759773,46.09135483694986,40.69818787789514,28.374398034182743,71.61647929142612,7.069027984662185,91.04649951887649,cotton
127.39929243911675,48.817599401959875,43.59892231476071,30.559493273542394,65.15396505539366,6.918742888765261,99.18403813247022,cotton
108.50065272778937,42.45368972835607,44.67486946813756,29.842783097036524,76.24016508543849,6.696292996033975,74.48925247984157,cotton
124.77366397633692,43.990325354611926,43.33313562116928,27.38474433263866,59.61735061503814,7.341599258115285,97.96202602285545,cotton
126.38622097451653,42.70475191092057,46.053431931137425,27.145623090178383,69.89008027750891,6.967578261398835,108.41366876304858,cotton
116.04779900294558,42.509458236603024,43.294475866475075,28.120249644779285,64.88907251458018,7.108164308030079,93.7282825555615,cotton
135.77542270734736,43.21629316905068,42.25653218959371,27.801383525236197,74.55817610127383,7.36747428073316,76.39410997439003,cotton
121.17809378437235,44.410649151554416,46.83793150607224,29.439684862771276,68.44802274485733,7.362058916812143,90.65362438484468,cotton
106.84338574494876,46.75761497063251,49.10818349063404,28.887506963706166,64.5232670059233,7.0913291997725425,108.43225094732276,cotton
122.28763198760252,45.961337294354514,41.678497206760355,25.969310078165893,66.50064482917657,6.800122793666765,97.71561139742552,cotton
115.68083982006361,41.82942900275025,45.73114759112344,28.550410306508695,64.82275703000403,6.42819775011272,80.10774400466755,cotton
126.9899716435771,48.88248097175146,39.284986025538544,27.785090846959157,66.35333633036221,6.968207931158316,119.86010638143064,cotton
123.28766420034779,47.833236919431116,40.57638560781852,28.04452976323368,66.26757144041436,7.261212824219737,81.83501057942611,cotton
116.41246756634285,42.296443048170886,43.23370251606848,28.29873161711279,64.68316549237105,7.016923890399784,92.44929189306124,cotton
129.01471150957738,48.67233267575868,48.40473129713158,29.43847480633192,68.51273929343483,5.8,84.10744699315187,cotton
125.63670783587587,45.98081523778883,42.663881910883575,29.173351556255223,68.96709061277525,7.1871205110927345,84.12197884340719,cotton
115.0324800739074,44.53063409122426,42.551698575703355,27.100308711175245,63.763851032715124,7.207394721075995,90.25241328478086,cotton
119.08772951663491,46.07424013343794,45.10826184568335,27.929665638772395,61.28149213858501,6.800596676070317,101.67957667838381,cotton
123.10150074458448,44.922687613123436,45.11125083344955,27.461774328571344,68.66608669556089,7.226159352833663,108.55058017480582,cotton
117.81442042336427,46.63523596344422,42.64460558173599,25.981784837312084,69.49470206669825,7.107228586749814,90.94523419365918,cotton
117.99360357691647,45.5619465693935,50.958664701789715,27.868755390878693,70.23831285735463,6.67378275854693,84.39349268105829,cotton
120.22035016958691,43.987721843183394,44.20390988065388,30.213705313070914,69.56690393097799,7.319529368351836,100.02571282492798,cotton
113.60520849577567,38.92251972251585,45.34075494725424,25.945547927500304,73.39768790901371,6.481732615374983,100.33361757875647,cotton
106.60340796853819,46.58154762189578,43.794661386868675,27.97112584760792,71.23900457599224,6.881109258557152,97.52395152331123,cotton
121.43480917399222,43.8790341648398,46.31991468645354,27.93263422550839,77.54935573655841,6.848189236785212,97.89526803552069,cotton
108.06660030422888,47.33383982893574,48.70487267911235,28.345282566117184,79.12742698812355,6.627605409777702,93.81805231339135,cotton
114.04176778113168,46.44502518682716,49.990991090863716,26.844730051127282,60.90711529633232,7.000251976324159,96.03058397283675,cotton
74.18256992119393,36.68907757683112,37.66358851457262,26.924040898161426,87.24351864797096,6.41453762208873,199.85727221774792,jute
79.81609677166705,41.171423929936644,37.96687072796181,30.327640181233154,83.3474521628678,6.327784916689764,209.99102285466586,jute
85.02806775317644,37.53235694060951,39.13421601494185,28.95073539454138,80.40527826302993,6.718319376709289,215.32953033173146,jute
75.80843918268236,40.72487692655215,37.880007162859336,25.848667193261868,84.49986391817046,6.232337165975916,199.08964698602628,jute
74.97042488412887,37.06381791176049,35.58069828209304,25.87328492979093,83.04698043972498,6.399705158396639,211.41824825272292,jute
76.15137614560531,34.767399617847936,42.02785588284712,26.81917143675542,83.11709955439714,6.90371714451092,190.06294852081845,jute
72.03935189557518,44.27314048966397,41.039224380607,29.887822488111127,84.7120733258409,6.768373701678942,203.6830757715983,jute
78.44240266997168,41.19456973386693,35.98190027112236,29.069106052662836,85.26214537708474,6.5514756602664574,215.03311121656796,jute
76.98529384086508,38.99874741628565,39.27724986481739,29.948454634669943,83.59053052195692,6.654668201597502,204.98149217209982,jute
73.10788406380789,38.43591483495517,39.44714254824212,28.012251143875307,83.34526519239132,6.537170014798999,192.0598445544004,jute
79.05930068569116,44.39470110722571,40.54583328552982,27.748612806445266,88.76203080070715,6.634190558610896,195.81436448654853,jute
75.08545395755424,41.77459013658618,36.75423265405702,26.50298861672725,86.56141269721361,6.455738097447289,215.2348409382191,jute
70.63474512686531,43.440439094907276,35.93801729201676,28.419620709900155,85.62554260106617,6.502038973520507,183.62233074607764,jute
76.58222000440333,38.2489219675324,41.55917348810173,27.764598199699574,83.83457516199451,6.494277074925915,185.8352729898882,jute
76.06646626529697,40.15199962053873,35.398113963194135,27.718393371421765,80.93535474846782,6.464905482776783,209.02383139717602,jute
79.32188165749781,41.20659674798959,39.30200952083601,29.941661009263406,86.37483528413168,6.916197304086203,193.41284608187303,jute
78.74196127533682,38.34979267205848,39.02176844272532,27.848385276562528,83.86795007413096,6.846379934963329,178.20412705475465,jute
74.50848151217058,39.71340367298908,39.630147045319646,29.597177732857222,82.02821901475102,6.412247366560308,220.26228000562867,jute
72.87560878613911,38.24916898035025,40.75815286353355,26.094310406628864,82.87999184335138,6.3454295829016445,183.50599568180138,jute
75.0078468752601,41.19717759250665,44.79571185343422,31.225734679435508,81.03623445609273,6.609894456001693,197.00854980020543,jute
76.63488995850895,36.03581750844826,35.2015233982273,27.552075445893557,86.19618905961394,7.199598337563835,190.70719034469354,jute
77.17689469994272,41.715910057741176,42.62974474819825,28.84862082792883,85.24174456196056,6.387935173057381,195.53474771689667,jute
76.35635493661253,40.932139605228734,32.463526281605866,29.039527494335815,83.96316277689729,6.60888778062547,186.7307081352299,jute
74.59157125437704,39.390074414478036,44.18113344645195,27.40317192354948,83.39089678725556,6.672623705498004,210.71418856540194,jute
79.4856765901045,41.34855143695625,33.87139197838853,28.982836108070863,81.7642943630129,6.622296245618487,201.66235286460366,jute
71.96564147658026,38.905178608801066,47.30918391410437,29.045203811897487,78.06831475841577,6.53315648207403,214.75480392816337,jute
86.1573155346967,37.98960777601814,38.83069651156853,27.144226598745078,79.89703641351683,6.944545392910632,190.86247682687417,jute
78.43381671069191,41.63117846436604,43.8711491823191,27.15843973098173,81.6062543842258,6.765886948850581,231.99532654923817,jute
69.92631568573495,41.76104201546312,43.252468070232595,28.05436818818169,81.22293572586467,6.865680357554995,171.43026821744084,jute
75.83353198921387,38.478189283572895,38.69053272608677,27.861407262777597,84.23786959277096,6.8002918871649145,176.22297638116558,jute
78.47707583114459,38.220843123270825,38.920752345437194,29.67175611501944,85.56930904203197,6.877956822060527,226.29627271574643,jute
73.4278390251613,39.45107954871863,37.488523110603175,28.843201821934095,83.17247999180236,7.0540234874083865,207.11062501169576,jute
68.27185178590481,38.34398304155795,42.362110499332864,27.91549171664429,87.09273818455966,6.989416211531026,205.12079124584113,jute
70.32421226280498,44.575357329646806,38.7295956873446,28.727293550449208,81.50361081505409,7.242825009696959,206.46912960977016,jute
77.43941824955498,40.94942714258262,37.5430494158478,25.54401630664397,83.1543803267919,6.960422026758835,208.56810905225674,jute
67.10422587344233,40.04380070064165,41.611828035868456,27.26162683164191,83.36998269284213,6.479291071985486,204.49651580650925,jute
68.4779494266929,37.20182507893291,37.30847067578275,28.345385209982666,86.28507513852777,6.866064570660487,185.51143262562343,jute
77.41575636120267,42.21696834110992,39.01305312474399,29.33843860227094,83.77001205930955,6.831160970641072,212.27286357609188,jute
73.99852852418927,38.165185300166755,40.32131759461658,28.23972320158695,83.84060073212322,7.139675200834208,209.91017317307347,jute
71.86898824677841,38.04175806675688,38.072711532216196,29.749886799973186,79.2801500567298,6.403374578247546,221.42646720109747,jute
72.7737053370486,42.31784398922976,38.52535395724019,29.041527829630315,81.20523789151258,6.792277525755199,226.46361615351748,jute
68.38133784220057,41.16196816297569,44.604949603418376,27.414004691114386,86.29467829792884,6.476327062084426,204.95714119464893,jute
77.18004043704725,32.489657172593326,39.38729439914456,27.83196322485548,78.20787722782718,6.780699001545535,181.58676473551725,jute
71.3705540024215,39.52668770870707,38.921119120649166,28.490106023486284,86.9246312636981,6.595239600527072,226.58784396803205,jute
72.58911516937258,40.37655886164286,39.47462458579383,27.461637336572362,84.77414444683329,6.772264545068677,184.72775097495588,jute
76.5605331146423,38.981211532656516,41.363364965497205,29.83754821349991,81.59382061267243,6.290363762549237,205.06946290508571,jute
73.84517609045602,40.481090997069415,36.89840895197841,26.669528638849254,81.37827511016141,6.852272752796754,196.14899110368717,jute
71.82906010664549,34.57093599127297,41.28164620137516,28.379327740509265,88.33468601461318,6.702545176372456,193.5406197472281,jute
66.04752708874233,31.506938201977825,40.767460570177725,28.88253617632607,87.09908480652253,6.688809184851836,211.46450182297278,jute
76.65341630640516,37.07359528488919,34.634033847777644,27.623863612646677,83.19542603256409,7.147308216461069,203.66689398901948,jute
75.35546835423781,40.84674136530145,45.382766810226286,27.353440800820902,83.84320891010357,6.5524667334417055,207.69862236902196,jute
72.67175644042482,30.32513131443733,44.38244068228962,27.90870244426,81.8522375296788,6.737277683316855,187.76470564754945,jute
70.33170402539919,37.469361798281476,37.59831120176549,28.97439821534221,83.84369914345656,6.67556902825501,197.3888755193801,jute
75.05743115394087,34.23171709240184,36.63272038690815,27.400182402966575,81.7815455941483,6.700499985861387,188.4569753023895,jute
77.16212292236595,39.272127482405956,40.68415449107573,26.71729457570885,83.29971528835584,7.216559995683909,197.01392618033802,jute
75.43991496595937,45.87369777386755,35.722410136506134,29.380701732391632,88.11633991840009,6.666270808565506,198.21856662698886,jute
82.37129484221468,39.3484720160077,44.092848861106766,28.479155767522705,83.25618418129642,6.505343651130493,227.66456259807194,jute
78.17148526172262,39.677491464007396,38.59463879274282,29.20942891658742,80.82754420275225,7.127080212839042,196.1091722829689,jute
74.51722609646681,42.517692822364694,44.86542078492645,28.91119807752093,80.01575127763832,6.571539364813065,168.1160251320403,jute
78.32225440243454,40.06391967343172,37.5267898888412,30.615867169938358,83.82415028127943,6.2406795724616915,220.9263730598118,jute
75.21898025275985,39.355024689431986,39.66339374329984,29.337966442727854,81.55971735604338,6.461084854860643,206.73889061039034,jute
75.20336739535195,42.77993777243501,43.8016378197321,27.131104525750214,84.12883801205547,6.332120189019072,198.03484348169917,jute
80.8336370878996,41.415661451535414,39.03028156108351,28.5643215606779,79.37026711252221,6.191008806089815,193.44176949708358,jute
70.95873954836766,40.86587728469936,40.81627522952722,27.331013534747747,85.2601378431685,6.557431173886126,185.79611515914672,jute
75.10489341624731,39.5836595422976,43.27797626691404,27.455048603394598,80.79657957692784,6.632094928855275,229.07072145629738,jute
80.35369501192322,38.96180588581881,38.3318576474975,26.304999519261642,83.61805801115722,6.9510346183578715,200.77767332990055,jute
76.390457511787,42.75151265569499,36.21478272835693,27.656664181760153,82.63732679552807,6.810497411075827,173.9337328477779,jute
73.3392615658405,38.99061214036248,35.623868211077266,28.65404114624164,87.88189185381111,6.79887774857281,204.91610049927863,jute
67.32228105581623,43.69375863806804,41.75029824831363,27.92077395383951,83.9372973922453,6.422231448674582,218.09257553052262,jute
64.7834387601283,36.85856090113215,41.16633516099286,26.68075791610157,88.46095346769222,6.87565798180085,202.34652002530245,jute
84.34281535392337,44.30135186351733,43.184989519243274,26.172376801038023,84.92989312015916,7.004764373281677,186.4760979170703,jute
76.38830319562865,41.416120249265255,39.17786584305223,30.53421512257668,87.13478510189682,6.750615577344271,185.13388570963014,jute
72.37167087411181,37.09439523084398,35.70778822719837,28.3901929036498,82.96756457362156,6.757741971755971,186.24021608421148,jute
76.57255600108428,41.52693590365692,32.94174308115527,27.011116996480137,84.38103277620033,6.327503463576506,222.82486995570426,jute
70.73546637763492,38.04909130504816,48.6038876030551,28.554140151643452,86.60754115199833,6.918881130939359,198.92503917144762,jute
73.5095942517168,40.100284163042424,41.58076905561251,30.627023293367305,85.80764786888932,7.104111789934162,174.81913377982056,jute
70.76576823153165,38.54011858856425,40.41037526824688,28.744554831575073,84.85403285937065,6.732352861756944,205.76200888766695,jute
68.64026886945973,39.60126350760076,40.83591928094145,24.65551855716576,82.66376617639129,6.498438894016291,202.11555178360328,jute
65.52756774372935,42.8242923814296,35.70598315530269,31.18275002558433,83.09511994079287,6.6086913117231,193.26656799675004,jute
67.81054173497024,41.55553495644006,37.61538402711086,25.780904223651547,86.40103797658855,6.542792717671791,184.69389865866785,jute
79.59579493771857,36.62390382469277,45.22999038397373,27.7527856655478,86.93207368426695,6.558085338444125,184.04157650340687,jute
70.55903117455486,36.79571067502469,41.975041857556654,26.63991483996058,81.98820004033684,6.815235681241986,216.29950723199508,jute
77.40701450311296,40.812326830796,37.70920702711619,27.111997468032143,81.60341461539483,6.721263348475937,203.71269283707647,jute
79.30491325430346,41.02956138068733,36.319554015750285,28.341291621979163,81.19445883991095,6.906003834522699,207.17965496992676,jute
75.07460858343356,37.97666506183871,38.4529176731663,25.514771789441667,85.61573657011189,6.7445801489184465,203.6713821437018,jute
73.65644754455518,44.77394644894611,39.05370805833137,27.891705297412493,81.12983869374058,6.429657566635564,204.91533057367732,jute
75.59860314237449,42.44048481180879,46.14743810754011,29.376810907289634,85.58488868535545,6.522323533918406,192.97408004857638,jute
73.12520835064149,38.123270903845615,39.43519787210214,26.98811161049494,84.89151037495859,6.506475526439097,196.91255968278836,jute
80.41759167925484,37.83323405255202,36.431344647600966,26.331657928069415,82.11001579686726,6.602450130462295,217.47367708137566,jute
83.44440243365021,39.31656035886026,39.824192909169746,27.83283387741311,87.48784125032073,7.10765199131072,221.21885251728668,jute
81.5241532366693,39.00443676677752,40.793015405134,27.593990211938348,79.77123978434187,7.148499395870146,181.66862018360374,jute
65.31796544351894,43.76847248119533,36.15836026723789,27.285726795598638,87.73180812938433,6.86333330611388,196.87611750338326,jute
73.03337958512948,42.95356891898466,41.20649660335784,26.573984708658863,84.31315895382602,6.680284768192573,212.58928038490498,jute
75.01871612451521,40.10520854050417,43.62674785681471,28.623021497423345,78.21266079052033,6.3027786840263795,228.23119598323595,jute
77.08376082190145,42.033716682667645,40.41601384975229,28.714316213730076,87.55929307134511,6.706102117961172,226.72939371996125,jute
67.22708458034079,42.468925679033646,37.60880454445096,26.721223918652214,85.97914188576097,6.448548139408552,188.06363277580252,jute
67.15450352833966,40.174782184799604,38.41338868728955,26.88729562647549,82.40806020729676,7.06578308362431,219.1256917730874,jute
80.88055387331427,41.207856038107266,35.02349207001441,28.16379039280687,81.03996255863444,6.240443049103425,200.87954453160523,jute
72.483963066256,41.782562662276845,39.59849429769239,26.8420340102948,79.49887980321212,6.74804350499918,215.66624958313608,jute
68.30667147696046,41.46281717094665,40.93233987048974,28.214394379236147,89.65938771261649,6.427068958699157,211.8241802123193,jute
69.31216180845857,26.266574950432943,85.99498272501933,23.114223820963126,74.57939031554041,5.943764023048015,182.622816096445,coffee
77.47488280482229,20.646063277536705,78.18378784223636,23.153629794775995,79.86979604244044,6.417258911673916,194.04640523845163,coffee
79.5256346602618,27.418239673841853,86.6752850320019,22.89989550198594,75.34237893006691,5.829996947585042,191.43375688759437,coffee
74.90930135237475,26.450797945781563,82.1563741801616,22.52813284391874,78.47630873552802,6.4693607545449305,192.42248603501284,coffee
73.8915760771202,23.799420364908244,79.01158730622339,22.495391568587728,69.43024860724348,5.777417654035529,184.8950303642463,coffee
67.9275123970211,24.81006924146662,80.74616090035133,22.333072539465796,66.49645710977366,6.036014479097951,190.24106980197885,coffee
78.0762788244792,21.429336717537275,89.05707703923642,22.489116466505962,72.4458865410494,6.339511524263773,172.02266042973875,coffee
75.9393676551626,27.251015810096128,77.29419998795498,22.57043510039704,75.71760216555913,6.150066668370264,169.18908949089862,coffee
70.85017238380462,25.562092723153796,79.75540141520194,20.314693401127144,75.12935644309786,5.893287023266441,183.63506989767907,coffee
73.5337200140562,25.785549863768633,86.07218844238095,21.051703424866915,77.04268089622465,6.23315349005457,175.82301886465717,coffee
75.69526462107498,26.50567113901939,83.31171391295113,20.76529405062155,62.98795490380547,6.163065846651095,204.24376633886726,coffee
72.48613894926298,23.07275375832483,79.5328469315323,23.32857400918481,77.19866335581578,6.107870583753814,190.064449795646,coffee
75.0120470737945,20.442825175237196,86.11797463636809,23.984920124300334,73.75798484911115,6.028335153297333,175.32750123337271,coffee
67.12530308758448,27.87195512473789,86.29610899938443,19.397142495505392,66.7099499557812,6.1432518300915335,181.33420408017466,coffee
81.0723976358338,27.066155240837222,83.7427150069428,23.877777534245993,75.21323317523303,6.036525285669291,186.79558885683934,coffee
75.07159178234828,23.393923590187196,80.20351279656182,22.104065648237835,73.13555966312362,6.624733870425586,184.08196009198963,coffee
70.05290922079361,26.22733059739012,80.78135767562115,23.21526378299044,73.92960986966769,6.103196655395729,188.66857144461258,coffee
63.93131018225543,28.77392031615385,83.56753524486899,22.607760585501875,76.2466593136826,6.077117394005274,185.92683635024116,coffee
79.63110723465026,28.41610240925182,77.58026602044983,23.728474064319904,74.11353263161519,6.044380951629882,166.22613389565393,coffee
77.5114119872564,23.306323490704013,87.47919330424916,22.251690920028995,66.97690588073868,6.496505414353448,155.9627883386972,coffee
75.94808571061073,20.533716863697247,88.8757840825344,20.3638546494245,71.96365148831408,5.8303819588103645,179.95627789395812,coffee
78.88641600569072,21.04835458120974,81.61516931309899,21.873190139472147,66.43383060930915,6.220089322270387,192.56665151882783,coffee
78.8740427833352,24.064821961134665,83.83539184661552,22.61878725532817,74.93398205209584,6.103338455484101,180.1080180333917,coffee
75.8749713152409,29.386951399861477,86.94675766068497,21.74084667815877,77.74238840594015,5.872436979594808,201.69361553097053,coffee
73.85603602233982,22.814663763575897,89.83335314462883,22.789278066583204,67.84455514042878,5.9902801160666925,184.36702955946487,coffee
73.12286280623134,23.211016440971935,88.33868000809012,21.921163133631467,69.98201089800347,6.211806028811638,203.3221468674017,coffee
76.8942391075734,23.149266705645044,75.99173432490453,21.285388817062156,69.19111504579188,5.981443322167063,200.55069643006811,coffee
81.28664118695707,23.404807611133997,81.3166736687718,20.69682594002615,70.79785523023124,6.200614966002909,199.1923726798553,coffee
74.53693572907814,24.966319467740117,84.37758094306207,21.529821540959986,74.04658684324575,6.487184879593839,168.75259293820548,coffee
81.64414832662526,21.159849476344732,80.64668513661776,22.245485979640392,70.83849079212065,6.183267132057381,185.2313990176382,coffee
76.67918613053585,28.253079868980855,89.18537529390137,19.64872983489286,74.94698814762134,5.866565066687723,201.50744208101125,coffee
76.71310935832497,24.56553676597106,88.61015689800988,21.063908307141972,76.4951741377849,5.9848747289398565,188.6766537842335,coffee
85.82299260295788,32.43740372417601,79.44026197027976,19.603969546270722,76.63159722998479,6.094345880944674,192.48385871748607,coffee
82.43705197298294,21.479287004349956,81.89099992535354,21.259510175226353,68.30682089236382,6.081314151796042,166.2635213809391,coffee
82.55374159974697,29.769598515474726,79.68917198928887,23.43677768114467,77.69723354177272,6.179642699797604,210.9036640632089,coffee
71.41073853734913,29.17403619395946,81.76826833460187,20.576660341925397,77.9977710682859,6.210926373705224,174.31644556536688,coffee
84.8648212597033,23.76494797346305,81.65462868999981,22.843791695033595,78.32254974213939,6.487452951248178,158.07526058637234,coffee
74.6300244264602,23.814818159464398,86.07846718030072,25.418590152774783,71.90819442605864,6.149274665307861,180.2598025393616,coffee
73.97628969110922,22.23610655161031,79.16825751099812,23.74424575750882,69.68059072508646,5.925322082859198,151.9589680044656,coffee
65.28338213964042,22.270535724281334,72.68718898141589,22.160216056469455,68.80909553194968,6.3749921953984705,170.35081054531926,coffee
76.46830871049221,24.998182150675426,76.48296344161943,23.03012134695578,68.36832542534442,6.3962897924723,219.53990974691,coffee
70.12490718853812,25.062087952739084,78.64386895234976,20.35638063707585,72.54383902499326,6.195326403331165,179.86944950370653,coffee
76.83714222846146,20.192934199176506,80.04115654126097,20.111902415907334,75.6794444618391,6.101953092934253,165.7248732322728,coffee
69.77295690043039,31.88051596997759,83.20190400230705,22.034437730895274,77.39959415370254,6.2713965484970675,185.34152146864258,coffee
83.08964927007662,24.221449428510812,78.45077285426677,22.478332676162093,70.67916081364119,6.108839436332492,172.87964944206834,coffee
77.48208283294528,25.196836831651567,77.95837278652526,23.31328514109909,72.35491899844892,5.749136758888391,196.67100919559806,coffee
85.25942209087309,23.121287699759673,79.01457218380459,21.31748543031842,72.10929667474458,6.259877485179631,172.99114547828844,coffee
70.39639185828369,24.198971382724498,78.31629749565082,22.232074581233974,70.11769906300573,6.323989038010043,188.65490508682464,coffee
81.97130660118589,23.926365666267376,80.42064845889134,22.19093386786357,75.25906073660232,6.431012009923969,169.5147030022218,coffee
66.88779412335228,24.99120872252422,80.2601722653935,21.84232707330824,73.8606809248371,6.00750210362425,220.08687995467247,coffee
75.93633964413432,24.956230268715657,85.0839630636518,21.913030148639198,73.03183690669853,6.194102236592949,191.79892022036873,coffee
72.15769596026122,27.414599045623213,78.78926480598892,20.974354596832526,73.84364539698471,6.198320913781332,183.0356717339867,coffee
72.98419559137339,25.681659811296328,81.15901264376336,22.335648890061957,74.80794217984057,6.166649599142244,181.04506361647765,coffee
72.67576611941027,27.11284906119851,80.45616495031211,22.234059976234093,74.77038882173896,6.172396927465813,177.52640022613357,coffee
70.88377716591901,24.970567534583697,85.53331866014088,21.471985880852756,69.35566266454303,6.1572415229985085,174.72766802259852,coffee
69.33140262007188,25.693757665317673,81.92145271493361,22.79892911922828,75.86123205778605,6.19129113330865,174.356644196554,coffee
73.00907936880839,24.276082951950187,86.44011271274698,23.233397906118753,73.45762294130209,6.294432801629094,207.65743948123634,coffee
75.52212778779092,28.009335203012945,78.17861183998197,22.812851555170553,70.870189268824,6.387956067293942,177.53971157076327,coffee
80.23662460481708,25.967867288547772,82.31487521836942,20.74906801592713,73.37836134292314,6.0025151779647405,156.25284476038132,coffee
76.32907678479474,24.5257754364613,80.34040868613775,22.11957492023439,73.79179053771895,6.116401235816305,169.25943576812142,coffee
80.24943090582474,24.436269596346037,77.90232713292899,20.90628212456386,76.55668875186547,6.067591416621907,197.52428236998836,coffee
68.34820407619304,24.672281976259008,82.24683359630603,22.1158656955598,68.57691639318057,6.039693890345989,181.59362523601695,coffee
73.05163767431065,25.091331771031097,88.99847909338209,20.910955963576104,77.46869132620323,5.834873874015325,183.189898398159,coffee
78.19952213611391,24.830916696343238,79.301591989027,23.53259600482574,72.58687383616186,6.154723378891328,200.79249509415774,coffee
76.54435840106112,23.32347503436592,82.02204381810837,22.93999776282381,70.60192530969276,6.243467472061331,174.5082510461739,coffee
71.1247119840337,27.294701665804784,77.57913142652794,23.383587166410866,70.48715712553575,6.11975554837972,193.5376392487672,coffee
79.20331001474656,27.48422797764451,77.02789585535997,23.262066508234597,68.74487090621533,6.148253210202569,175.9835774778675,coffee
72.60927068121383,30.35157051370224,79.54780376496412,21.675280346111602,65.97156918591222,6.231595200942281,192.7743345961565,coffee
71.50186397372826,23.189110868065715,80.81256370639058,21.48926830776709,75.04024955134702,6.425168340556908,179.7196741146096,coffee
77.19126492223563,26.99931617545632,80.97906359650818,24.090068594440183,79.92832400158237,6.068145916743008,181.73908613944818,coffee
75.02776214400406,19.272588051151953,81.6524061934529,21.8018564197931,66.4339424418657,5.921535637704892,196.07180437640224,coffee
72.64689449237126,27.487129195065663,76.31875259736236,20.3745032290336,68.93589531526115,6.132364171336246,195.09833490371375,coffee
72.49409163638803,20.630253654978446,80.15270170684886,23.208960080398988,75.318436959295,6.517294446357139,182.7667221970381,coffee
70.18591440086986,22.047006689283144,84.38159427526378,22.172530801916466,72.32886159248217,5.923624391106465,178.6330804550704,coffee
73.2191328927351,25.996675987047457,77.40658097664549,23.80713294877478,75.62907215853181,6.276776460638156,206.58849239050232,coffee
79.95004245969346,23.13550289373306,81.16820364433099,22.29156361357702,72.11854803819186,6.375793079710598,192.95596595522258,coffee
76.10047708344673,22.72493946999127,83.59816409976776,21.975998215183946,70.32264687775108,5.68872082721812,179.71958558311854,coffee
79.31367336349805,23.545551932504964,79.56649904241124,23.831344970529628,71.65309208497575,6.229993392103655,176.1833610955883,coffee
77.32230841953616,27.188877975755577,83.78071648560318,20.153840385955615,63.56716466654014,6.267665074229254,198.83611634371888,coffee
72.24489206862681,22.20132881074677,76.79577645230613,21.29756523447639,68.21193370381826,6.0978696357309286,186.55790116171764,coffee
67.5788642634709,24.837535407332393,85.83168589849576,20.93516443377375,76.05604765332014,6.023944480587505,182.79203456579785,coffee
70.82915535883292,23.86403114638199,83.87175274910136,19.365904265712057,76.96962441567067,6.034820841257824,186.55216487009503,coffee
71.97943885006116,27.459672313987042,82.70874526316051,23.047811713619925,77.77312270659618,6.085929143304254,189.56025780759938,coffee
71.63137708368752,27.543765262248527,86.7180675986469,21.331097903220474,74.15326004918012,6.091091273820884,184.2346965096846,coffee
79.41458967086874,19.494154607691662,81.26494102786269,23.08644164997589,64.03974172142648,6.054298476662431,201.24977270238043,coffee
79.36764810082366,28.135328256292944,80.18303957826782,22.466903789481524,70.11872551554822,6.082827325726924,202.00106942886183,coffee
84.9534583812449,23.167732280623564,87.64704106536468,22.72857095995322,77.46745878705737,6.382204405650093,192.18048960922428,coffee
71.56325472963427,25.70887659579002,89.40287175838048,21.453520622991224,78.58645339506333,5.913186388111549,203.55870637169096,coffee
82.18851737728987,22.18327377885011,79.8996086020584,21.082902227217943,77.60992903627717,5.80893360746204,185.11470636986598,coffee
82.16070242548858,26.11340380812935,82.0734628608457,22.107713050263666,71.61405325711326,6.3853230959106915,194.3194685675623,coffee
73.95481308882512,32.6540468608633,86.41890953723045,23.1030018199698,67.60034050034538,6.112556536928587,198.56016030477122,coffee
77.13099928623106,25.3814966838551,82.2069562432096,21.93954159341951,72.34763153765569,6.074294702965906,198.75701678022423,coffee
80.58329962113545,23.62045684706093,84.72970690776744,21.157676412841248,72.55552631836349,6.12831266087213,197.36598849446764,coffee
74.73483919801983,24.303516295973377,85.42651349058143,20.56117829032197,78.37086807534295,6.19080895665193,193.52105412010275,coffee
74.3862370025341,20.59291012828594,80.39135784166297,22.244995618388593,73.35421737545829,6.0478100107119195,211.42122956111416,coffee
72.17698160497146,29.346889858493373,84.07227998775097,21.335118958085754,72.5625544208029,6.248656569891224,177.71410689891587,coffee
64.37982666601637,25.938649322789832,82.47677739558773,21.913911295132312,72.77560680553798,5.962358798107266,182.90451936793716,coffee
75.31712227419816,21.85330628110646,77.93674277477339,21.71346546130161,73.99947061161008,6.0911438953194095,182.10410856522319,coffee
71.80558802645959,21.95104512961374,78.7888025758935,21.466682830378545,74.84915032273088,5.718134230219474,180.03109354568858,coffee
70.16093119372428,25.04584713744648,80.05343653351362,22.352564272911415,69.78298462243252,6.378586241298437,158.15157741389837,coffee
